[0m01:11:03.630364 [debug] [MainThread]: Sending event: {'category': 'dbt', 'action': 'invocation', 'label': 'start', 'context': [<snowplow_tracker.self_describing_json.SelfDescribingJson object at 0x108dc63c0>, <snowplow_tracker.self_describing_json.SelfDescribingJson object at 0x10a556ad0>, <snowplow_tracker.self_describing_json.SelfDescribingJson object at 0x10a556850>]}


============================== 01:11:03.633368 | 3b02a7ef-726c-403c-aa2b-1e07fd7ff070 ==============================
[0m01:11:03.633368 [info ] [MainThread]: Running with dbt=1.12.0
[0m01:11:03.633669 [debug] [MainThread]: running dbt with arguments {'printer_width': '80', 'empty': 'False', 'maximum_seed_size_mib': '1', 'log_path': 'dbt_project/logs', 'partial_parse': 'True', 'version_check': 'True', 'hints_enabled': 'True', 'profiles_dir': 'dbt_project', 'introspect': 'True', 'cache_selected_only': 'False', 'debug': 'False', 'send_anonymous_usage_stats': 'True', 'warn_error_options': 'WarnErrorOptionsV2(error=[], warn=[], silence=[])', 'warn_error': 'None', 'invocation_command': 'dbt run --project-dir dbt_project --profiles-dir dbt_project', 'log_format': 'default', 'write_json': 'True', 'indirect_selection': 'eager', 'no_print': 'None', 'target_path': 'None', 'quiet': 'False', 'log_cache_events': 'False', 'use_colors': 'True', 'static_parser': 'True', 'use_experimental_parser': 'False', 'fail_fast': 'False'}
[0m01:11:03.730409 [debug] [MainThread]: Sending event: {'category': 'dbt', 'action': 'project_id', 'label': '3b02a7ef-726c-403c-aa2b-1e07fd7ff070', 'context': [<snowplow_tracker.self_describing_json.SelfDescribingJson object at 0x10a507950>]}
[0m01:11:03.761048 [debug] [MainThread]: Sending event: {'category': 'dbt', 'action': 'adapter_info', 'label': '3b02a7ef-726c-403c-aa2b-1e07fd7ff070', 'context': [<snowplow_tracker.self_describing_json.SelfDescribingJson object at 0x10706fac0>]}
[0m01:11:03.761496 [info ] [MainThread]: Registered adapter: postgres=1.11.0
[0m01:11:03.812559 [debug] [MainThread]: checksum: c1ffe9f110806a3ce4abaa2aeb37be2fe0adbff9020d1ac226d9247297b963bb, vars: {}, profile: oura_pipeline, target: dev, version: 1.12.0
[0m01:11:03.813010 [info ] [MainThread]: Unable to do partial parsing because saved manifest not found. Starting full parse.
[0m01:11:03.813193 [debug] [MainThread]: Sending event: {'category': 'dbt', 'action': 'partial_parser', 'label': '3b02a7ef-726c-403c-aa2b-1e07fd7ff070', 'context': [<snowplow_tracker.self_describing_json.SelfDescribingJson object at 0x10ac91650>]}
[0m01:11:04.575895 [debug] [MainThread]: Sending event: {'category': 'dbt', 'action': 'load_project', 'label': '3b02a7ef-726c-403c-aa2b-1e07fd7ff070', 'context': [<snowplow_tracker.self_describing_json.SelfDescribingJson object at 0x10ba91f40>]}
[0m01:11:04.640110 [debug] [MainThread]: Wrote artifact WritableManifest to dbt_project/target/manifest.json
[0m01:11:04.641931 [debug] [MainThread]: Wrote artifact SemanticManifest to dbt_project/target/semantic_manifest.json
[0m01:11:04.652836 [debug] [MainThread]: Wrote artifact OsiDocument to dbt_project/target/osi_document.json
[0m01:11:04.659661 [debug] [MainThread]: Sending event: {'category': 'dbt', 'action': 'resource_counts', 'label': '3b02a7ef-726c-403c-aa2b-1e07fd7ff070', 'context': [<snowplow_tracker.self_describing_json.SelfDescribingJson object at 0x10bd459b0>]}
[0m01:11:04.659901 [info ] [MainThread]: Found 6 models, 14 data tests, 1 source, 477 macros
[0m01:11:04.660057 [debug] [MainThread]: Sending event: {'category': 'dbt', 'action': 'runnable_timing', 'label': '3b02a7ef-726c-403c-aa2b-1e07fd7ff070', 'context': [<snowplow_tracker.self_describing_json.SelfDescribingJson object at 0x10bdb9bf0>]}
[0m01:11:04.661174 [info ] [MainThread]: 
[0m01:11:04.661344 [info ] [MainThread]: Concurrency: 2 threads (target='dev')
[0m01:11:04.661473 [info ] [MainThread]: 
[0m01:11:04.661708 [debug] [MainThread]: Acquiring new postgres connection 'master'
[0m01:11:04.663666 [debug] [ThreadPool]: Acquiring new postgres connection 'list_oura'
[0m01:11:04.688670 [debug] [ThreadPool]: Using postgres connection "list_oura"
[0m01:11:04.688853 [debug] [ThreadPool]: On list_oura: /* {"app": "dbt", "dbt_version": "1.12.0", "profile_name": "oura_pipeline", "target_name": "dev", "connection_name": "list_oura"} */

    select distinct nspname from pg_namespace
  
[0m01:11:04.688990 [debug] [ThreadPool]: Opening a new connection, currently in state init
[0m01:11:04.729871 [debug] [ThreadPool]: SQL status: SELECT 6 in 0.041 seconds
[0m01:11:04.730551 [debug] [ThreadPool]: On list_oura: Close
[0m01:11:04.730908 [debug] [ThreadPool]: Re-using an available connection from the pool (formerly list_oura, now create_oura_public_staging)
[0m01:11:04.731127 [debug] [ThreadPool]: Creating schema "database: "oura"
schema: "public_staging"
"
[0m01:11:04.733455 [debug] [ThreadPool]: Using postgres connection "create_oura_public_staging"
[0m01:11:04.733618 [debug] [ThreadPool]: On create_oura_public_staging: /* {"app": "dbt", "dbt_version": "1.12.0", "profile_name": "oura_pipeline", "target_name": "dev", "connection_name": "create_oura_public_staging"} */
create schema if not exists "public_staging"
[0m01:11:04.733736 [debug] [ThreadPool]: Opening a new connection, currently in state closed
[0m01:11:04.742808 [debug] [ThreadPool]: SQL status: CREATE SCHEMA in 0.009 seconds
[0m01:11:04.743242 [debug] [ThreadPool]: On create_oura_public_staging: COMMIT
[0m01:11:04.743383 [debug] [ThreadPool]: Using postgres connection "create_oura_public_staging"
[0m01:11:04.743502 [debug] [ThreadPool]: On create_oura_public_staging: COMMIT
[0m01:11:04.750952 [debug] [ThreadPool]: SQL status: COMMIT in 0.007 seconds
[0m01:11:04.751088 [debug] [ThreadPool]: On create_oura_public_staging: Close
[0m01:11:04.752062 [debug] [ThreadPool]: Re-using an available connection from the pool (formerly create_oura_public_staging, now list_oura_public_staging)
[0m01:11:04.754498 [debug] [ThreadPool]: Using postgres connection "list_oura_public_staging"
[0m01:11:04.754678 [debug] [ThreadPool]: On list_oura_public_staging: /* {"app": "dbt", "dbt_version": "1.12.0", "profile_name": "oura_pipeline", "target_name": "dev", "connection_name": "list_oura_public_staging"} */
select
      'oura' as database,
      tablename as name,
      schemaname as schema,
      'table' as type
    from pg_tables
    where schemaname ilike 'public_staging'
    union all
    select
      'oura' as database,
      viewname as name,
      schemaname as schema,
      'view' as type
    from pg_views
    where schemaname ilike 'public_staging'
    union all
    select
      'oura' as database,
      matviewname as name,
      schemaname as schema,
      'materialized_view' as type
    from pg_matviews
    where schemaname ilike 'public_staging'
    union all
    select distinct
     'oura' as database,
     proname as name,
     ns.nspname as schema,
     'function' as type
    from pg_proc
     join pg_namespace as ns on pronamespace = ns.oid
    where ns.nspname ilike 'public_staging'
  
[0m01:11:04.754820 [debug] [ThreadPool]: Opening a new connection, currently in state closed
[0m01:11:04.773018 [debug] [ThreadPool]: SQL status: SELECT 0 in 0.018 seconds
[0m01:11:04.773566 [debug] [ThreadPool]: On list_oura_public_staging: ROLLBACK
[0m01:11:04.773948 [debug] [ThreadPool]: On list_oura_public_staging: Close
[0m01:11:04.775826 [debug] [MainThread]: Using postgres connection "master"
[0m01:11:04.776043 [debug] [MainThread]: On master: /* {"app": "dbt", "dbt_version": "1.12.0", "profile_name": "oura_pipeline", "target_name": "dev", "connection_name": "master"} */
select distinct
        dependent_namespace.nspname as dependent_schema,
        dependent_class.relname as dependent_name,
        referenced_namespace.nspname as referenced_schema,
        referenced_class.relname as referenced_name

    -- Query for views: views are entries in pg_class with an entry in pg_rewrite, but we avoid
    -- a seq scan on pg_rewrite by leveraging the fact there is an "internal" row in pg_depend for
    -- the view...
    from pg_class as dependent_class
    join pg_namespace as dependent_namespace on dependent_namespace.oid = dependent_class.relnamespace
    join pg_depend as dependent_depend on dependent_depend.refobjid = dependent_class.oid
        and dependent_depend.classid = 'pg_rewrite'::regclass
        and dependent_depend.refclassid = 'pg_class'::regclass
        and dependent_depend.deptype = 'i'

    -- ... and via pg_depend (that has a row per column, hence the need for "distinct" above, and
    -- making sure to exclude the internal row to avoid a view appearing to depend on itself)...
    join pg_depend as joining_depend on joining_depend.objid = dependent_depend.objid
        and joining_depend.classid = 'pg_rewrite'::regclass
        and joining_depend.refclassid = 'pg_class'::regclass
        and joining_depend.refobjid != dependent_depend.refobjid

    -- ... we can find the tables they query from in pg_class, but excluding system tables. Note we
    -- don't need need to exclude _dependent_ system tables, because they only query from other
    -- system tables, and so are automatically excluded by excluding _referenced_ system tables
    join pg_class as referenced_class on referenced_class.oid = joining_depend.refobjid
    join pg_namespace as referenced_namespace on referenced_namespace.oid = referenced_class.relnamespace
        and referenced_namespace.nspname != 'information_schema'
        and referenced_namespace.nspname not like 'pg\_%'

    order by
        dependent_schema, dependent_name, referenced_schema, referenced_name;
[0m01:11:04.776240 [debug] [MainThread]: Opening a new connection, currently in state init
[0m01:11:04.786684 [debug] [MainThread]: SQL status: SELECT 9 in 0.010 seconds
[0m01:11:04.787398 [debug] [MainThread]: Sending event: {'category': 'dbt', 'action': 'runnable_timing', 'label': '3b02a7ef-726c-403c-aa2b-1e07fd7ff070', 'context': [<snowplow_tracker.self_describing_json.SelfDescribingJson object at 0x10bd3be90>]}
[0m01:11:04.787643 [debug] [MainThread]: On master: ROLLBACK
[0m01:11:04.788015 [debug] [MainThread]: On master: COMMIT
[0m01:11:04.788182 [debug] [MainThread]: Using postgres connection "master"
[0m01:11:04.788319 [debug] [MainThread]: On master: COMMIT
[0m01:11:04.788843 [debug] [MainThread]: SQL status: COMMIT in 0.000 seconds
[0m01:11:04.788989 [debug] [MainThread]: On master: Close
[0m01:11:04.792060 [debug] [Thread-2 (]: Began running node model.oura_pipeline.stg_daily_readiness
[0m01:11:04.792266 [debug] [Thread-1 (]: Began running node model.oura_pipeline.stg_daily_activity
[0m01:11:04.792514 [info ] [Thread-2 (]: 2 of 6 START sql view model public_staging.stg_daily_readiness ................. [RUN]
[0m01:11:04.793032 [debug] [Thread-2 (]: Acquiring new postgres connection 'model.oura_pipeline.stg_daily_readiness'
[0m01:11:04.793200 [debug] [Thread-2 (]: Began compiling node model.oura_pipeline.stg_daily_readiness
[0m01:11:04.797211 [debug] [Thread-2 (]: Writing injected SQL for node "model.oura_pipeline.stg_daily_readiness"
[0m01:11:04.792774 [info ] [Thread-1 (]: 1 of 6 START sql view model public_staging.stg_daily_activity .................. [RUN]
[0m01:11:04.797476 [debug] [Thread-1 (]: Re-using an available connection from the pool (formerly list_oura_public_staging, now model.oura_pipeline.stg_daily_activity)
[0m01:11:04.797641 [debug] [Thread-1 (]: Began compiling node model.oura_pipeline.stg_daily_activity
[0m01:11:04.798509 [debug] [Thread-1 (]: Writing injected SQL for node "model.oura_pipeline.stg_daily_activity"
[0m01:11:04.798858 [debug] [Thread-2 (]: Began executing node model.oura_pipeline.stg_daily_readiness
[0m01:11:04.805316 [debug] [Thread-1 (]: Began executing node model.oura_pipeline.stg_daily_activity
[0m01:11:04.817756 [debug] [Thread-1 (]: Writing runtime sql for node "model.oura_pipeline.stg_daily_activity"
[0m01:11:04.816288 [debug] [Thread-2 (]: Writing runtime sql for node "model.oura_pipeline.stg_daily_readiness"
[0m01:11:04.818295 [debug] [Thread-1 (]: Using postgres connection "model.oura_pipeline.stg_daily_activity"
[0m01:11:04.818670 [debug] [Thread-1 (]: On model.oura_pipeline.stg_daily_activity: /* {"app": "dbt", "dbt_version": "1.12.0", "profile_name": "oura_pipeline", "target_name": "dev", "node_id": "model.oura_pipeline.stg_daily_activity"} */

  create view "oura"."public_staging"."stg_daily_activity__dbt_tmp"
    
    
  as (
    select
    day::date                                  as day,
    (payload->>'score')::int                   as activity_score,
    (payload->>'steps')::int                   as steps,
    (payload->>'total_calories')::int          as total_calories,
    (payload->>'active_calories')::int         as active_calories,
    (payload->>'sedentary_time')::int / 3600.0 as sedentary_hours,
    (payload->>'non_wear_time')::int / 3600.0  as non_wear_hours
from "oura"."raw"."oura_documents"
where endpoint = 'daily_activity'
  );
[0m01:11:04.818843 [debug] [Thread-1 (]: Opening a new connection, currently in state closed
[0m01:11:04.818487 [debug] [Thread-2 (]: Using postgres connection "model.oura_pipeline.stg_daily_readiness"
[0m01:11:04.819080 [debug] [Thread-2 (]: On model.oura_pipeline.stg_daily_readiness: /* {"app": "dbt", "dbt_version": "1.12.0", "profile_name": "oura_pipeline", "target_name": "dev", "node_id": "model.oura_pipeline.stg_daily_readiness"} */

  create view "oura"."public_staging"."stg_daily_readiness__dbt_tmp"
    
    
  as (
    select
    day::date                                                  as day,
    (payload->>'score')::int                                   as readiness_score,
    (payload->>'temperature_deviation')::numeric               as temp_deviation,
    (payload->'contributors'->>'resting_heart_rate')::int      as c_resting_hr,
    (payload->'contributors'->>'hrv_balance')::int             as c_hrv_balance,
    (payload->'contributors'->>'recovery_index')::int          as c_recovery_index,
    (payload->'contributors'->>'sleep_balance')::int           as c_sleep_balance,
    (payload->'contributors'->>'activity_balance')::int        as c_activity_balance,
    (payload->'contributors'->>'body_temperature')::int        as c_body_temperature,
    (payload->'contributors'->>'previous_day_activity')::int   as c_prev_day_activity,
    (payload->'contributors'->>'previous_night')::int          as c_previous_night
from "oura"."raw"."oura_documents"
where endpoint = 'daily_readiness'
  );
[0m01:11:04.819280 [debug] [Thread-2 (]: Opening a new connection, currently in state init
[0m01:11:04.828925 [debug] [Thread-1 (]: SQL status: CREATE VIEW in 0.010 seconds
[0m01:11:04.831648 [debug] [Thread-1 (]: Using postgres connection "model.oura_pipeline.stg_daily_activity"
[0m01:11:04.829119 [debug] [Thread-2 (]: SQL status: CREATE VIEW in 0.010 seconds
[0m01:11:04.832738 [debug] [Thread-2 (]: Using postgres connection "model.oura_pipeline.stg_daily_readiness"
[0m01:11:04.832900 [debug] [Thread-2 (]: On model.oura_pipeline.stg_daily_readiness: /* {"app": "dbt", "dbt_version": "1.12.0", "profile_name": "oura_pipeline", "target_name": "dev", "node_id": "model.oura_pipeline.stg_daily_readiness"} */
alter table "oura"."public_staging"."stg_daily_readiness__dbt_tmp" rename to "stg_daily_readiness"
[0m01:11:04.831846 [debug] [Thread-1 (]: On model.oura_pipeline.stg_daily_activity: /* {"app": "dbt", "dbt_version": "1.12.0", "profile_name": "oura_pipeline", "target_name": "dev", "node_id": "model.oura_pipeline.stg_daily_activity"} */
alter table "oura"."public_staging"."stg_daily_activity__dbt_tmp" rename to "stg_daily_activity"
[0m01:11:04.833495 [debug] [Thread-2 (]: SQL status: ALTER TABLE in 0.000 seconds
[0m01:11:04.833658 [debug] [Thread-1 (]: SQL status: ALTER TABLE in 0.001 seconds
[0m01:11:04.842374 [debug] [Thread-1 (]: On model.oura_pipeline.stg_daily_activity: COMMIT
[0m01:11:04.842534 [debug] [Thread-1 (]: Using postgres connection "model.oura_pipeline.stg_daily_activity"
[0m01:11:04.842681 [debug] [Thread-1 (]: On model.oura_pipeline.stg_daily_activity: COMMIT
[0m01:11:04.841731 [debug] [Thread-2 (]: On model.oura_pipeline.stg_daily_readiness: COMMIT
[0m01:11:04.842854 [debug] [Thread-2 (]: Using postgres connection "model.oura_pipeline.stg_daily_readiness"
[0m01:11:04.843040 [debug] [Thread-2 (]: On model.oura_pipeline.stg_daily_readiness: COMMIT
[0m01:11:04.844622 [debug] [Thread-1 (]: SQL status: COMMIT in 0.002 seconds
[0m01:11:04.847016 [debug] [Thread-1 (]: Applying DROP to: "oura"."public_staging"."stg_daily_activity__dbt_backup"
[0m01:11:04.849291 [debug] [Thread-1 (]: Using postgres connection "model.oura_pipeline.stg_daily_activity"
[0m01:11:04.847184 [debug] [Thread-2 (]: SQL status: COMMIT in 0.004 seconds
[0m01:11:04.850320 [debug] [Thread-2 (]: Applying DROP to: "oura"."public_staging"."stg_daily_readiness__dbt_backup"
[0m01:11:04.850640 [debug] [Thread-2 (]: Using postgres connection "model.oura_pipeline.stg_daily_readiness"
[0m01:11:04.849462 [debug] [Thread-1 (]: On model.oura_pipeline.stg_daily_activity: /* {"app": "dbt", "dbt_version": "1.12.0", "profile_name": "oura_pipeline", "target_name": "dev", "node_id": "model.oura_pipeline.stg_daily_activity"} */
drop view if exists "oura"."public_staging"."stg_daily_activity__dbt_backup" cascade
[0m01:11:04.850797 [debug] [Thread-2 (]: On model.oura_pipeline.stg_daily_readiness: /* {"app": "dbt", "dbt_version": "1.12.0", "profile_name": "oura_pipeline", "target_name": "dev", "node_id": "model.oura_pipeline.stg_daily_readiness"} */
drop view if exists "oura"."public_staging"."stg_daily_readiness__dbt_backup" cascade
[0m01:11:04.851669 [debug] [Thread-1 (]: SQL status: DROP VIEW in 0.001 seconds
[0m01:11:04.852867 [debug] [Thread-1 (]: On model.oura_pipeline.stg_daily_activity: Close
[0m01:11:04.851832 [debug] [Thread-2 (]: SQL status: DROP VIEW in 0.001 seconds
[0m01:11:04.853421 [debug] [Thread-2 (]: On model.oura_pipeline.stg_daily_readiness: Close
[0m01:11:04.854454 [debug] [Thread-1 (]: Sending event: {'category': 'dbt', 'action': 'run_model', 'label': '3b02a7ef-726c-403c-aa2b-1e07fd7ff070', 'context': [<snowplow_tracker.self_describing_json.SelfDescribingJson object at 0x10c1a47e0>]}
[0m01:11:04.854904 [info ] [Thread-1 (]: 1 of 6 OK created sql view model public_staging.stg_daily_activity ............. [[32mCREATE VIEW[0m in 0.06s]
[0m01:11:04.855174 [debug] [Thread-1 (]: Finished running node model.oura_pipeline.stg_daily_activity
[0m01:11:04.855346 [debug] [Thread-1 (]: Began running node model.oura_pipeline.stg_daily_sleep
[0m01:11:04.855586 [info ] [Thread-1 (]: 3 of 6 START sql view model public_staging.stg_daily_sleep ..................... [RUN]
[0m01:11:04.854606 [debug] [Thread-2 (]: Sending event: {'category': 'dbt', 'action': 'run_model', 'label': '3b02a7ef-726c-403c-aa2b-1e07fd7ff070', 'context': [<snowplow_tracker.self_describing_json.SelfDescribingJson object at 0x10c13b430>]}
[0m01:11:04.856043 [info ] [Thread-2 (]: 2 of 6 OK created sql view model public_staging.stg_daily_readiness ............ [[32mCREATE VIEW[0m in 0.06s]
[0m01:11:04.856284 [debug] [Thread-2 (]: Finished running node model.oura_pipeline.stg_daily_readiness
[0m01:11:04.856450 [debug] [Thread-2 (]: Began running node model.oura_pipeline.stg_sleep_periods
[0m01:11:04.856639 [info ] [Thread-2 (]: 4 of 6 START sql view model public_staging.stg_sleep_periods ................... [RUN]
[0m01:11:04.856846 [debug] [Thread-2 (]: Re-using an available connection from the pool (formerly model.oura_pipeline.stg_daily_readiness, now model.oura_pipeline.stg_sleep_periods)
[0m01:11:04.855789 [debug] [Thread-1 (]: Re-using an available connection from the pool (formerly model.oura_pipeline.stg_daily_activity, now model.oura_pipeline.stg_daily_sleep)
[0m01:11:04.857156 [debug] [Thread-1 (]: Began compiling node model.oura_pipeline.stg_daily_sleep
[0m01:11:04.857977 [debug] [Thread-1 (]: Writing injected SQL for node "model.oura_pipeline.stg_daily_sleep"
[0m01:11:04.857009 [debug] [Thread-2 (]: Began compiling node model.oura_pipeline.stg_sleep_periods
[0m01:11:04.858856 [debug] [Thread-2 (]: Writing injected SQL for node "model.oura_pipeline.stg_sleep_periods"
[0m01:11:04.859075 [debug] [Thread-1 (]: Began executing node model.oura_pipeline.stg_daily_sleep
[0m01:11:04.860313 [debug] [Thread-1 (]: Writing runtime sql for node "model.oura_pipeline.stg_daily_sleep"
[0m01:11:04.860506 [debug] [Thread-2 (]: Began executing node model.oura_pipeline.stg_sleep_periods
[0m01:11:04.861683 [debug] [Thread-2 (]: Writing runtime sql for node "model.oura_pipeline.stg_sleep_periods"
[0m01:11:04.861899 [debug] [Thread-1 (]: Using postgres connection "model.oura_pipeline.stg_daily_sleep"
[0m01:11:04.862088 [debug] [Thread-1 (]: On model.oura_pipeline.stg_daily_sleep: /* {"app": "dbt", "dbt_version": "1.12.0", "profile_name": "oura_pipeline", "target_name": "dev", "node_id": "model.oura_pipeline.stg_daily_sleep"} */

  create view "oura"."public_staging"."stg_daily_sleep__dbt_tmp"
    
    
  as (
    select
    day::date                                          as day,
    (payload->>'score')::int                           as sleep_score,
    (payload->'contributors'->>'deep_sleep')::int      as c_deep_sleep,
    (payload->'contributors'->>'efficiency')::int      as c_efficiency,
    (payload->'contributors'->>'latency')::int         as c_latency,
    (payload->'contributors'->>'rem_sleep')::int       as c_rem_sleep,
    (payload->'contributors'->>'restfulness')::int     as c_restfulness,
    (payload->'contributors'->>'timing')::int          as c_timing,
    (payload->'contributors'->>'total_sleep')::int     as c_total_sleep
from "oura"."raw"."oura_documents"
where endpoint = 'daily_sleep'
  );
[0m01:11:04.862257 [debug] [Thread-1 (]: Opening a new connection, currently in state closed
[0m01:11:04.862418 [debug] [Thread-2 (]: Using postgres connection "model.oura_pipeline.stg_sleep_periods"
[0m01:11:04.862641 [debug] [Thread-2 (]: On model.oura_pipeline.stg_sleep_periods: /* {"app": "dbt", "dbt_version": "1.12.0", "profile_name": "oura_pipeline", "target_name": "dev", "node_id": "model.oura_pipeline.stg_sleep_periods"} */

  create view "oura"."public_staging"."stg_sleep_periods__dbt_tmp"
    
    
  as (
    select
    doc_id,
    day::date                                          as day,
    payload->>'type'                                   as type,
    (payload->>'bedtime_start')::timestamptz           as bedtime_start,
    (payload->>'bedtime_end')::timestamptz             as bedtime_end,
    (payload->>'total_sleep_duration')::int / 3600.0   as sleep_hours,
    (payload->>'time_in_bed')::int / 3600.0            as time_in_bed_hours,
    (payload->>'efficiency')::int                      as efficiency,
    (payload->>'latency')::int / 60.0                  as latency_min,
    (payload->>'deep_sleep_duration')::int / 3600.0    as deep_hours,
    (payload->>'rem_sleep_duration')::int / 3600.0     as rem_hours,
    (payload->>'light_sleep_duration')::int / 3600.0   as light_hours,
    (payload->>'awake_time')::int / 3600.0             as awake_hours,
    (payload->>'average_heart_rate')::numeric          as avg_hr,
    (payload->>'lowest_heart_rate')::int               as lowest_hr,
    (payload->>'average_hrv')::int                     as avg_hrv,
    (payload->>'average_breath')::numeric              as avg_breath
from "oura"."raw"."oura_documents"
where endpoint = 'sleep'
  );
[0m01:11:04.862821 [debug] [Thread-2 (]: Opening a new connection, currently in state closed
[0m01:11:04.873893 [debug] [Thread-1 (]: SQL status: CREATE VIEW in 0.012 seconds
[0m01:11:04.876800 [debug] [Thread-1 (]: Using postgres connection "model.oura_pipeline.stg_daily_sleep"
[0m01:11:04.877150 [debug] [Thread-1 (]: On model.oura_pipeline.stg_daily_sleep: /* {"app": "dbt", "dbt_version": "1.12.0", "profile_name": "oura_pipeline", "target_name": "dev", "node_id": "model.oura_pipeline.stg_daily_sleep"} */
alter table "oura"."public_staging"."stg_daily_sleep__dbt_tmp" rename to "stg_daily_sleep"
[0m01:11:04.876982 [debug] [Thread-2 (]: SQL status: CREATE VIEW in 0.014 seconds
[0m01:11:04.878115 [debug] [Thread-2 (]: Using postgres connection "model.oura_pipeline.stg_sleep_periods"
[0m01:11:04.878444 [debug] [Thread-2 (]: On model.oura_pipeline.stg_sleep_periods: /* {"app": "dbt", "dbt_version": "1.12.0", "profile_name": "oura_pipeline", "target_name": "dev", "node_id": "model.oura_pipeline.stg_sleep_periods"} */
alter table "oura"."public_staging"."stg_sleep_periods__dbt_tmp" rename to "stg_sleep_periods"
[0m01:11:04.878276 [debug] [Thread-1 (]: SQL status: ALTER TABLE in 0.001 seconds
[0m01:11:04.879138 [debug] [Thread-1 (]: On model.oura_pipeline.stg_daily_sleep: COMMIT
[0m01:11:04.879435 [debug] [Thread-1 (]: Using postgres connection "model.oura_pipeline.stg_daily_sleep"
[0m01:11:04.879575 [debug] [Thread-1 (]: On model.oura_pipeline.stg_daily_sleep: COMMIT
[0m01:11:04.879293 [debug] [Thread-2 (]: SQL status: ALTER TABLE in 0.001 seconds
[0m01:11:04.880269 [debug] [Thread-2 (]: On model.oura_pipeline.stg_sleep_periods: COMMIT
[0m01:11:04.880561 [debug] [Thread-2 (]: Using postgres connection "model.oura_pipeline.stg_sleep_periods"
[0m01:11:04.880700 [debug] [Thread-2 (]: On model.oura_pipeline.stg_sleep_periods: COMMIT
[0m01:11:04.880419 [debug] [Thread-1 (]: SQL status: COMMIT in 0.001 seconds
[0m01:11:04.881377 [debug] [Thread-1 (]: Applying DROP to: "oura"."public_staging"."stg_daily_sleep__dbt_backup"
[0m01:11:04.881843 [debug] [Thread-1 (]: Using postgres connection "model.oura_pipeline.stg_daily_sleep"
[0m01:11:04.881993 [debug] [Thread-1 (]: On model.oura_pipeline.stg_daily_sleep: /* {"app": "dbt", "dbt_version": "1.12.0", "profile_name": "oura_pipeline", "target_name": "dev", "node_id": "model.oura_pipeline.stg_daily_sleep"} */
drop view if exists "oura"."public_staging"."stg_daily_sleep__dbt_backup" cascade
[0m01:11:04.881529 [debug] [Thread-2 (]: SQL status: COMMIT in 0.001 seconds
[0m01:11:04.882665 [debug] [Thread-2 (]: Applying DROP to: "oura"."public_staging"."stg_sleep_periods__dbt_backup"
[0m01:11:04.882974 [debug] [Thread-2 (]: Using postgres connection "model.oura_pipeline.stg_sleep_periods"
[0m01:11:04.883271 [debug] [Thread-2 (]: On model.oura_pipeline.stg_sleep_periods: /* {"app": "dbt", "dbt_version": "1.12.0", "profile_name": "oura_pipeline", "target_name": "dev", "node_id": "model.oura_pipeline.stg_sleep_periods"} */
drop view if exists "oura"."public_staging"."stg_sleep_periods__dbt_backup" cascade
[0m01:11:04.883123 [debug] [Thread-1 (]: SQL status: DROP VIEW in 0.001 seconds
[0m01:11:04.883835 [debug] [Thread-1 (]: On model.oura_pipeline.stg_daily_sleep: Close
[0m01:11:04.883987 [debug] [Thread-2 (]: SQL status: DROP VIEW in 0.001 seconds
[0m01:11:04.884541 [debug] [Thread-2 (]: On model.oura_pipeline.stg_sleep_periods: Close
[0m01:11:04.884784 [debug] [Thread-1 (]: Sending event: {'category': 'dbt', 'action': 'run_model', 'label': '3b02a7ef-726c-403c-aa2b-1e07fd7ff070', 'context': [<snowplow_tracker.self_describing_json.SelfDescribingJson object at 0x10c0ac050>]}
[0m01:11:04.885026 [debug] [Thread-2 (]: Sending event: {'category': 'dbt', 'action': 'run_model', 'label': '3b02a7ef-726c-403c-aa2b-1e07fd7ff070', 'context': [<snowplow_tracker.self_describing_json.SelfDescribingJson object at 0x10c0ac7d0>]}
[0m01:11:04.885322 [info ] [Thread-1 (]: 3 of 6 OK created sql view model public_staging.stg_daily_sleep ................ [[32mCREATE VIEW[0m in 0.03s]
[0m01:11:04.885844 [debug] [Thread-1 (]: Finished running node model.oura_pipeline.stg_daily_sleep
[0m01:11:04.886013 [debug] [Thread-1 (]: Began running node model.oura_pipeline.stg_workouts
[0m01:11:04.886229 [info ] [Thread-1 (]: 5 of 6 START sql view model public_staging.stg_workouts ........................ [RUN]
[0m01:11:04.886419 [debug] [Thread-1 (]: Re-using an available connection from the pool (formerly model.oura_pipeline.stg_daily_sleep, now model.oura_pipeline.stg_workouts)
[0m01:11:04.886576 [debug] [Thread-1 (]: Began compiling node model.oura_pipeline.stg_workouts
[0m01:11:04.887459 [debug] [Thread-1 (]: Writing injected SQL for node "model.oura_pipeline.stg_workouts"
[0m01:11:04.885601 [info ] [Thread-2 (]: 4 of 6 OK created sql view model public_staging.stg_sleep_periods .............. [[32mCREATE VIEW[0m in 0.03s]
[0m01:11:04.887713 [debug] [Thread-2 (]: Finished running node model.oura_pipeline.stg_sleep_periods
[0m01:11:04.887945 [debug] [Thread-1 (]: Began executing node model.oura_pipeline.stg_workouts
[0m01:11:04.889464 [debug] [Thread-1 (]: Writing runtime sql for node "model.oura_pipeline.stg_workouts"
[0m01:11:04.889632 [debug] [Thread-2 (]: Began running node model.oura_pipeline.daily
[0m01:11:04.889861 [info ] [Thread-2 (]: 6 of 6 START sql view model public_staging.daily ............................... [RUN]
[0m01:11:04.890066 [debug] [Thread-2 (]: Re-using an available connection from the pool (formerly model.oura_pipeline.stg_sleep_periods, now model.oura_pipeline.daily)
[0m01:11:04.890219 [debug] [Thread-2 (]: Began compiling node model.oura_pipeline.daily
[0m01:11:04.891511 [debug] [Thread-2 (]: Writing injected SQL for node "model.oura_pipeline.daily"
[0m01:11:04.890380 [debug] [Thread-1 (]: Using postgres connection "model.oura_pipeline.stg_workouts"
[0m01:11:04.891714 [debug] [Thread-1 (]: On model.oura_pipeline.stg_workouts: /* {"app": "dbt", "dbt_version": "1.12.0", "profile_name": "oura_pipeline", "target_name": "dev", "node_id": "model.oura_pipeline.stg_workouts"} */

  create view "oura"."public_staging"."stg_workouts__dbt_tmp"
    
    
  as (
    select
    doc_id,
    day::date                                  as day,
    payload->>'activity'                       as activity,
    payload->>'intensity'                      as intensity,
    (payload->>'calories')::numeric            as calories,
    (payload->>'start_datetime')::timestamptz  as start_at,
    (payload->>'end_datetime')::timestamptz    as end_at
from "oura"."raw"."oura_documents"
where endpoint = 'workout'
  );
[0m01:11:04.891881 [debug] [Thread-1 (]: Opening a new connection, currently in state closed
[0m01:11:04.892062 [debug] [Thread-2 (]: Began executing node model.oura_pipeline.daily
[0m01:11:04.893289 [debug] [Thread-2 (]: Writing runtime sql for node "model.oura_pipeline.daily"
[0m01:11:04.893567 [debug] [Thread-2 (]: Using postgres connection "model.oura_pipeline.daily"
[0m01:11:04.893738 [debug] [Thread-2 (]: On model.oura_pipeline.daily: /* {"app": "dbt", "dbt_version": "1.12.0", "profile_name": "oura_pipeline", "target_name": "dev", "node_id": "model.oura_pipeline.daily"} */

  create view "oura"."public_staging"."daily__dbt_tmp"
    
    
  as (
    -- One row per day: the analysis-ready wide table
select
    ds.day,
    ds.sleep_score,
    dr.readiness_score,
    da.activity_score,
    sp.sleep_hours,
    sp.efficiency,
    sp.avg_hrv,
    sp.lowest_hr,
    sp.avg_hr,
    sp.bedtime_start,
    sp.deep_hours,
    sp.rem_hours,
    dr.temp_deviation,
    da.steps
from "oura"."public_staging"."stg_daily_sleep" ds
left join "oura"."public_staging"."stg_daily_readiness" dr using (day)
left join "oura"."public_staging"."stg_daily_activity" da using (day)
left join lateral (
    select * from "oura"."public_staging"."stg_sleep_periods" p
    where p.day = ds.day and p.type = 'long_sleep'
    order by p.sleep_hours desc limit 1
) sp on true
  );
[0m01:11:04.893896 [debug] [Thread-2 (]: Opening a new connection, currently in state closed
[0m01:11:04.900205 [debug] [Thread-1 (]: SQL status: CREATE VIEW in 0.008 seconds
[0m01:11:04.901189 [debug] [Thread-1 (]: Using postgres connection "model.oura_pipeline.stg_workouts"
[0m01:11:04.901558 [debug] [Thread-1 (]: On model.oura_pipeline.stg_workouts: /* {"app": "dbt", "dbt_version": "1.12.0", "profile_name": "oura_pipeline", "target_name": "dev", "node_id": "model.oura_pipeline.stg_workouts"} */
alter table "oura"."public_staging"."stg_workouts__dbt_tmp" rename to "stg_workouts"
[0m01:11:04.901376 [debug] [Thread-2 (]: SQL status: CREATE VIEW in 0.007 seconds
[0m01:11:04.902437 [debug] [Thread-2 (]: Using postgres connection "model.oura_pipeline.daily"
[0m01:11:04.902744 [debug] [Thread-2 (]: On model.oura_pipeline.daily: /* {"app": "dbt", "dbt_version": "1.12.0", "profile_name": "oura_pipeline", "target_name": "dev", "node_id": "model.oura_pipeline.daily"} */
alter table "oura"."public_staging"."daily__dbt_tmp" rename to "daily"
[0m01:11:04.902592 [debug] [Thread-1 (]: SQL status: ALTER TABLE in 0.001 seconds
[0m01:11:04.903455 [debug] [Thread-1 (]: On model.oura_pipeline.stg_workouts: COMMIT
[0m01:11:04.903766 [debug] [Thread-1 (]: Using postgres connection "model.oura_pipeline.stg_workouts"
[0m01:11:04.903915 [debug] [Thread-1 (]: On model.oura_pipeline.stg_workouts: COMMIT
[0m01:11:04.903618 [debug] [Thread-2 (]: SQL status: ALTER TABLE in 0.001 seconds
[0m01:11:04.904567 [debug] [Thread-2 (]: On model.oura_pipeline.daily: COMMIT
[0m01:11:04.904863 [debug] [Thread-2 (]: Using postgres connection "model.oura_pipeline.daily"
[0m01:11:04.905004 [debug] [Thread-2 (]: On model.oura_pipeline.daily: COMMIT
[0m01:11:04.904718 [debug] [Thread-1 (]: SQL status: COMMIT in 0.001 seconds
[0m01:11:04.905661 [debug] [Thread-1 (]: Applying DROP to: "oura"."public_staging"."stg_workouts__dbt_backup"
[0m01:11:04.906112 [debug] [Thread-1 (]: Using postgres connection "model.oura_pipeline.stg_workouts"
[0m01:11:04.906262 [debug] [Thread-1 (]: On model.oura_pipeline.stg_workouts: /* {"app": "dbt", "dbt_version": "1.12.0", "profile_name": "oura_pipeline", "target_name": "dev", "node_id": "model.oura_pipeline.stg_workouts"} */
drop view if exists "oura"."public_staging"."stg_workouts__dbt_backup" cascade
[0m01:11:04.905809 [debug] [Thread-2 (]: SQL status: COMMIT in 0.001 seconds
[0m01:11:04.907169 [debug] [Thread-2 (]: Applying DROP to: "oura"."public_staging"."daily__dbt_backup"
[0m01:11:04.907640 [debug] [Thread-2 (]: Using postgres connection "model.oura_pipeline.daily"
[0m01:11:04.907794 [debug] [Thread-2 (]: On model.oura_pipeline.daily: /* {"app": "dbt", "dbt_version": "1.12.0", "profile_name": "oura_pipeline", "target_name": "dev", "node_id": "model.oura_pipeline.daily"} */
drop view if exists "oura"."public_staging"."daily__dbt_backup" cascade
[0m01:11:04.907321 [debug] [Thread-1 (]: SQL status: DROP VIEW in 0.001 seconds
[0m01:11:04.908320 [debug] [Thread-1 (]: On model.oura_pipeline.stg_workouts: Close
[0m01:11:04.908464 [debug] [Thread-2 (]: SQL status: DROP VIEW in 0.001 seconds
[0m01:11:04.908961 [debug] [Thread-2 (]: On model.oura_pipeline.daily: Close
[0m01:11:04.909179 [debug] [Thread-1 (]: Sending event: {'category': 'dbt', 'action': 'run_model', 'label': '3b02a7ef-726c-403c-aa2b-1e07fd7ff070', 'context': [<snowplow_tracker.self_describing_json.SelfDescribingJson object at 0x10bffb8f0>]}
[0m01:11:04.909391 [debug] [Thread-2 (]: Sending event: {'category': 'dbt', 'action': 'run_model', 'label': '3b02a7ef-726c-403c-aa2b-1e07fd7ff070', 'context': [<snowplow_tracker.self_describing_json.SelfDescribingJson object at 0x10c0faff0>]}
[0m01:11:04.909660 [info ] [Thread-1 (]: 5 of 6 OK created sql view model public_staging.stg_workouts ................... [[32mCREATE VIEW[0m in 0.02s]
[0m01:11:04.910130 [debug] [Thread-1 (]: Finished running node model.oura_pipeline.stg_workouts
[0m01:11:04.909925 [info ] [Thread-2 (]: 6 of 6 OK created sql view model public_staging.daily .......................... [[32mCREATE VIEW[0m in 0.02s]
[0m01:11:04.910429 [debug] [Thread-2 (]: Finished running node model.oura_pipeline.daily
[0m01:11:04.910957 [debug] [MainThread]: On master: COMMIT
[0m01:11:04.911099 [debug] [MainThread]: Using postgres connection "master"
[0m01:11:04.911220 [debug] [MainThread]: On master: COMMIT
[0m01:11:04.911325 [debug] [MainThread]: Opening a new connection, currently in state closed
[0m01:11:04.918179 [debug] [MainThread]: SQL status: COMMIT in 0.007 seconds
[0m01:11:04.918340 [debug] [MainThread]: On master: Close
[0m01:11:04.918532 [debug] [MainThread]: Connection 'master' was properly closed.
[0m01:11:04.918662 [debug] [MainThread]: Connection 'model.oura_pipeline.stg_workouts' was properly closed.
[0m01:11:04.918773 [debug] [MainThread]: Connection 'model.oura_pipeline.daily' was properly closed.
[0m01:11:04.918922 [info ] [MainThread]: 
[0m01:11:04.919065 [info ] [MainThread]: Finished running 6 view models in 0 hours 0 minutes and 0.26 seconds (0.26s).
[0m01:11:04.919654 [debug] [MainThread]: Command end result
[0m01:11:04.938013 [debug] [MainThread]: Wrote artifact WritableManifest to dbt_project/target/manifest.json
[0m01:11:04.939379 [debug] [MainThread]: Wrote artifact SemanticManifest to dbt_project/target/semantic_manifest.json
[0m01:11:04.940632 [debug] [MainThread]: Wrote artifact OsiDocument to dbt_project/target/osi_document.json
[0m01:11:04.944022 [debug] [MainThread]: Wrote artifact RunExecutionResult to dbt_project/target/run_results.json
[0m01:11:04.944166 [info ] [MainThread]: 
[0m01:11:04.944319 [info ] [MainThread]: [32mCompleted successfully[0m
[0m01:11:04.944442 [info ] [MainThread]: 
[0m01:11:04.944583 [info ] [MainThread]: Done. PASS=6 WARN=0 ERROR=0 SKIP=0 NO-OP=0 REUSED=0 TOTAL=6
[0m01:11:04.946518 [debug] [MainThread]: Resource report: {"command_name": "run", "command_success": true, "command_wall_clock_time": 1.3938468, "process_in_blocks": "0", "process_kernel_time": 0.154647, "process_mem_max_rss": "167690240", "process_out_blocks": "0", "process_user_time": 1.827203}
[0m01:11:04.946743 [debug] [MainThread]: Command `dbt run` succeeded at 01:11:04.946708 after 1.39 seconds
[0m01:11:04.946909 [debug] [MainThread]: Sending event: {'category': 'dbt', 'action': 'invocation', 'label': 'end', 'context': [<snowplow_tracker.self_describing_json.SelfDescribingJson object at 0x10a57fb30>, <snowplow_tracker.self_describing_json.SelfDescribingJson object at 0x10b951b50>, <snowplow_tracker.self_describing_json.SelfDescribingJson object at 0x10c0f9eb0>]}
[0m01:11:04.947054 [debug] [MainThread]: Flushing usage events
[0m01:11:05.537184 [debug] [MainThread]: An error was encountered while trying to flush usage events
[0m01:11:06.522349 [debug] [MainThread]: Sending event: {'category': 'dbt', 'action': 'invocation', 'label': 'start', 'context': [<snowplow_tracker.self_describing_json.SelfDescribingJson object at 0x1078723c0>, <snowplow_tracker.self_describing_json.SelfDescribingJson object at 0x10a102ad0>, <snowplow_tracker.self_describing_json.SelfDescribingJson object at 0x10a102850>]}


============================== 01:11:06.524615 | 4c75ef78-544b-4140-bbaa-1330f4e0cdf7 ==============================
[0m01:11:06.524615 [info ] [MainThread]: Running with dbt=1.12.0
[0m01:11:06.524928 [debug] [MainThread]: running dbt with arguments {'log_path': 'dbt_project/logs', 'log_format': 'default', 'profiles_dir': 'dbt_project', 'empty': 'None', 'version_check': 'True', 'static_parser': 'True', 'target_path': 'None', 'write_json': 'True', 'maximum_seed_size_mib': '1', 'send_anonymous_usage_stats': 'True', 'hints_enabled': 'True', 'warn_error': 'None', 'printer_width': '80', 'partial_parse': 'True', 'indirect_selection': 'eager', 'introspect': 'True', 'use_colors': 'True', 'fail_fast': 'False', 'no_print': 'None', 'use_experimental_parser': 'False', 'quiet': 'False', 'warn_error_options': 'WarnErrorOptionsV2(error=[], warn=[], silence=[])', 'invocation_command': 'dbt test --project-dir dbt_project --profiles-dir dbt_project', 'cache_selected_only': 'False', 'debug': 'False', 'log_cache_events': 'False'}
[0m01:11:06.609319 [debug] [MainThread]: Sending event: {'category': 'dbt', 'action': 'project_id', 'label': '4c75ef78-544b-4140-bbaa-1330f4e0cdf7', 'context': [<snowplow_tracker.self_describing_json.SelfDescribingJson object at 0x10a0b7950>]}
[0m01:11:06.640406 [debug] [MainThread]: Sending event: {'category': 'dbt', 'action': 'adapter_info', 'label': '4c75ef78-544b-4140-bbaa-1330f4e0cdf7', 'context': [<snowplow_tracker.self_describing_json.SelfDescribingJson object at 0x104fdfac0>]}
[0m01:11:06.640860 [info ] [MainThread]: Registered adapter: postgres=1.11.0
[0m01:11:06.688990 [debug] [MainThread]: checksum: c1ffe9f110806a3ce4abaa2aeb37be2fe0adbff9020d1ac226d9247297b963bb, vars: {}, profile: oura_pipeline, target: dev, version: 1.12.0
[0m01:11:06.767078 [debug] [MainThread]: Partial parsing enabled: 0 files deleted, 0 files added, 0 files changed.
[0m01:11:06.767295 [debug] [MainThread]: Nothing changed, skipping partial parsing.
[0m01:11:06.767418 [debug] [MainThread]: Partial parsing enabled, no changes found, skipping parsing
[0m01:11:06.772394 [debug] [MainThread]: Sending event: {'category': 'dbt', 'action': 'load_project', 'label': '4c75ef78-544b-4140-bbaa-1330f4e0cdf7', 'context': [<snowplow_tracker.self_describing_json.SelfDescribingJson object at 0x10b593250>]}
[0m01:11:06.856722 [debug] [MainThread]: Wrote artifact WritableManifest to dbt_project/target/manifest.json
[0m01:11:06.858464 [debug] [MainThread]: Wrote artifact SemanticManifest to dbt_project/target/semantic_manifest.json
[0m01:11:06.865202 [debug] [MainThread]: Wrote artifact OsiDocument to dbt_project/target/osi_document.json
[0m01:11:06.875256 [debug] [MainThread]: Sending event: {'category': 'dbt', 'action': 'resource_counts', 'label': '4c75ef78-544b-4140-bbaa-1330f4e0cdf7', 'context': [<snowplow_tracker.self_describing_json.SelfDescribingJson object at 0x10b44fb60>]}
[0m01:11:06.875501 [info ] [MainThread]: Found 6 models, 14 data tests, 1 source, 477 macros
[0m01:11:06.875653 [debug] [MainThread]: Sending event: {'category': 'dbt', 'action': 'runnable_timing', 'label': '4c75ef78-544b-4140-bbaa-1330f4e0cdf7', 'context': [<snowplow_tracker.self_describing_json.SelfDescribingJson object at 0x10b765b70>]}
[0m01:11:06.876934 [info ] [MainThread]: 
[0m01:11:06.877107 [info ] [MainThread]: Concurrency: 2 threads (target='dev')
[0m01:11:06.877232 [info ] [MainThread]: 
[0m01:11:06.877481 [debug] [MainThread]: Acquiring new postgres connection 'master'
[0m01:11:06.879489 [debug] [ThreadPool]: Acquiring new postgres connection 'list_oura_public_staging'
[0m01:11:06.901795 [debug] [ThreadPool]: Using postgres connection "list_oura_public_staging"
[0m01:11:06.901986 [debug] [ThreadPool]: On list_oura_public_staging: /* {"app": "dbt", "dbt_version": "1.12.0", "profile_name": "oura_pipeline", "target_name": "dev", "connection_name": "list_oura_public_staging"} */
select
      'oura' as database,
      tablename as name,
      schemaname as schema,
      'table' as type
    from pg_tables
    where schemaname ilike 'public_staging'
    union all
    select
      'oura' as database,
      viewname as name,
      schemaname as schema,
      'view' as type
    from pg_views
    where schemaname ilike 'public_staging'
    union all
    select
      'oura' as database,
      matviewname as name,
      schemaname as schema,
      'materialized_view' as type
    from pg_matviews
    where schemaname ilike 'public_staging'
    union all
    select distinct
     'oura' as database,
     proname as name,
     ns.nspname as schema,
     'function' as type
    from pg_proc
     join pg_namespace as ns on pronamespace = ns.oid
    where ns.nspname ilike 'public_staging'
  
[0m01:11:06.902143 [debug] [ThreadPool]: Opening a new connection, currently in state init
[0m01:11:06.927887 [debug] [ThreadPool]: SQL status: SELECT 6 in 0.026 seconds
[0m01:11:06.928537 [debug] [ThreadPool]: On list_oura_public_staging: ROLLBACK
[0m01:11:06.929069 [debug] [ThreadPool]: On list_oura_public_staging: Close
[0m01:11:06.931234 [debug] [MainThread]: Using postgres connection "master"
[0m01:11:06.931432 [debug] [MainThread]: On master: /* {"app": "dbt", "dbt_version": "1.12.0", "profile_name": "oura_pipeline", "target_name": "dev", "connection_name": "master"} */
select distinct
        dependent_namespace.nspname as dependent_schema,
        dependent_class.relname as dependent_name,
        referenced_namespace.nspname as referenced_schema,
        referenced_class.relname as referenced_name

    -- Query for views: views are entries in pg_class with an entry in pg_rewrite, but we avoid
    -- a seq scan on pg_rewrite by leveraging the fact there is an "internal" row in pg_depend for
    -- the view...
    from pg_class as dependent_class
    join pg_namespace as dependent_namespace on dependent_namespace.oid = dependent_class.relnamespace
    join pg_depend as dependent_depend on dependent_depend.refobjid = dependent_class.oid
        and dependent_depend.classid = 'pg_rewrite'::regclass
        and dependent_depend.refclassid = 'pg_class'::regclass
        and dependent_depend.deptype = 'i'

    -- ... and via pg_depend (that has a row per column, hence the need for "distinct" above, and
    -- making sure to exclude the internal row to avoid a view appearing to depend on itself)...
    join pg_depend as joining_depend on joining_depend.objid = dependent_depend.objid
        and joining_depend.classid = 'pg_rewrite'::regclass
        and joining_depend.refclassid = 'pg_class'::regclass
        and joining_depend.refobjid != dependent_depend.refobjid

    -- ... we can find the tables they query from in pg_class, but excluding system tables. Note we
    -- don't need need to exclude _dependent_ system tables, because they only query from other
    -- system tables, and so are automatically excluded by excluding _referenced_ system tables
    join pg_class as referenced_class on referenced_class.oid = joining_depend.refobjid
    join pg_namespace as referenced_namespace on referenced_namespace.oid = referenced_class.relnamespace
        and referenced_namespace.nspname != 'information_schema'
        and referenced_namespace.nspname not like 'pg\_%'

    order by
        dependent_schema, dependent_name, referenced_schema, referenced_name;
[0m01:11:06.931604 [debug] [MainThread]: Opening a new connection, currently in state init
[0m01:11:06.943151 [debug] [MainThread]: SQL status: SELECT 18 in 0.012 seconds
[0m01:11:06.944129 [debug] [MainThread]: Sending event: {'category': 'dbt', 'action': 'runnable_timing', 'label': '4c75ef78-544b-4140-bbaa-1330f4e0cdf7', 'context': [<snowplow_tracker.self_describing_json.SelfDescribingJson object at 0x10b923450>]}
[0m01:11:06.944321 [debug] [MainThread]: On master: ROLLBACK
[0m01:11:06.944798 [debug] [MainThread]: On master: COMMIT
[0m01:11:06.944928 [debug] [MainThread]: Using postgres connection "master"
[0m01:11:06.945042 [debug] [MainThread]: On master: COMMIT
[0m01:11:06.945731 [debug] [MainThread]: SQL status: COMMIT in 0.001 seconds
[0m01:11:06.945861 [debug] [MainThread]: On master: Close
[0m01:11:06.946872 [debug] [Thread-2 (]: Began running node test.oura_pipeline.not_null_daily_day.d1ea8e67eb
[0m01:11:06.947263 [info ] [Thread-2 (]: 2 of 14 START test not_null_daily_day .......................................... [RUN]
[0m01:11:06.947492 [debug] [Thread-2 (]: Acquiring new postgres connection 'test.oura_pipeline.not_null_daily_day.d1ea8e67eb'
[0m01:11:06.947646 [debug] [Thread-2 (]: Began compiling node test.oura_pipeline.not_null_daily_day.d1ea8e67eb
[0m01:11:06.947091 [debug] [Thread-1 (]: Began running node test.oura_pipeline.assert_scores_in_range
[0m01:11:06.957413 [info ] [Thread-1 (]: 1 of 14 START test assert_scores_in_range ...................................... [RUN]
[0m01:11:06.957617 [debug] [Thread-1 (]: Re-using an available connection from the pool (formerly list_oura_public_staging, now test.oura_pipeline.assert_scores_in_range)
[0m01:11:06.957785 [debug] [Thread-1 (]: Began compiling node test.oura_pipeline.assert_scores_in_range
[0m01:11:06.958542 [debug] [Thread-1 (]: Writing injected SQL for node "test.oura_pipeline.assert_scores_in_range"
[0m01:11:06.957217 [debug] [Thread-2 (]: Writing injected SQL for node "test.oura_pipeline.not_null_daily_day.d1ea8e67eb"
[0m01:11:06.959033 [debug] [Thread-1 (]: Began executing node test.oura_pipeline.assert_scores_in_range
[0m01:11:06.959216 [debug] [Thread-2 (]: Began executing node test.oura_pipeline.not_null_daily_day.d1ea8e67eb
[0m01:11:06.968055 [debug] [Thread-2 (]: Writing runtime sql for node "test.oura_pipeline.not_null_daily_day.d1ea8e67eb"
[0m01:11:06.968507 [debug] [Thread-1 (]: Writing runtime sql for node "test.oura_pipeline.assert_scores_in_range"
[0m01:11:06.968952 [debug] [Thread-1 (]: Using postgres connection "test.oura_pipeline.assert_scores_in_range"
[0m01:11:06.969298 [debug] [Thread-1 (]: On test.oura_pipeline.assert_scores_in_range: /* {"app": "dbt", "dbt_version": "1.12.0", "profile_name": "oura_pipeline", "target_name": "dev", "node_id": "test.oura_pipeline.assert_scores_in_range"} */

    
    select
      count(*) as failures,
      count(*) != 0 as should_warn,
      count(*) != 0 as should_error
    from (
      
    
  -- All Oura scores must be 0-100; rows returned = test failure
select day, sleep_score
from "oura"."public_staging"."stg_daily_sleep"
where sleep_score < 0 or sleep_score > 100
  
  
      
    ) dbt_internal_test
[0m01:11:06.969472 [debug] [Thread-1 (]: Opening a new connection, currently in state closed
[0m01:11:06.969129 [debug] [Thread-2 (]: Using postgres connection "test.oura_pipeline.not_null_daily_day.d1ea8e67eb"
[0m01:11:06.969694 [debug] [Thread-2 (]: On test.oura_pipeline.not_null_daily_day.d1ea8e67eb: /* {"app": "dbt", "dbt_version": "1.12.0", "profile_name": "oura_pipeline", "target_name": "dev", "node_id": "test.oura_pipeline.not_null_daily_day.d1ea8e67eb"} */

    
    select
      count(*) as failures,
      count(*) != 0 as should_warn,
      count(*) != 0 as should_error
    from (
      
    
  
    
    



select day
from "oura"."public_staging"."daily"
where day is null



  
  
      
    ) dbt_internal_test
[0m01:11:06.969842 [debug] [Thread-2 (]: Opening a new connection, currently in state init
[0m01:11:06.982521 [debug] [Thread-1 (]: SQL status: SELECT 1 in 0.013 seconds
[0m01:11:06.984587 [debug] [Thread-1 (]: On test.oura_pipeline.assert_scores_in_range: ROLLBACK
[0m01:11:06.984762 [debug] [Thread-2 (]: SQL status: SELECT 1 in 0.015 seconds
[0m01:11:06.985379 [debug] [Thread-2 (]: On test.oura_pipeline.not_null_daily_day.d1ea8e67eb: ROLLBACK
[0m01:11:06.985555 [debug] [Thread-1 (]: On test.oura_pipeline.assert_scores_in_range: Close
[0m01:11:06.985841 [info ] [Thread-1 (]: 1 of 14 PASS assert_scores_in_range ............................................ [[32mPASS[0m in 0.03s]
[0m01:11:06.986098 [debug] [Thread-1 (]: Finished running node test.oura_pipeline.assert_scores_in_range
[0m01:11:06.986410 [debug] [Thread-1 (]: Began running node test.oura_pipeline.not_null_stg_daily_activity_day.fd66243751
[0m01:11:06.986601 [info ] [Thread-1 (]: 3 of 14 START test not_null_stg_daily_activity_day ............................. [RUN]
[0m01:11:06.986798 [debug] [Thread-1 (]: Re-using an available connection from the pool (formerly test.oura_pipeline.assert_scores_in_range, now test.oura_pipeline.not_null_stg_daily_activity_day.fd66243751)
[0m01:11:06.986953 [debug] [Thread-1 (]: Began compiling node test.oura_pipeline.not_null_stg_daily_activity_day.fd66243751
[0m01:11:06.990312 [debug] [Thread-1 (]: Writing injected SQL for node "test.oura_pipeline.not_null_stg_daily_activity_day.fd66243751"
[0m01:11:06.986242 [debug] [Thread-2 (]: On test.oura_pipeline.not_null_daily_day.d1ea8e67eb: Close
[0m01:11:06.990617 [info ] [Thread-2 (]: 2 of 14 PASS not_null_daily_day ................................................ [[32mPASS[0m in 0.04s]
[0m01:11:06.990860 [debug] [Thread-2 (]: Finished running node test.oura_pipeline.not_null_daily_day.d1ea8e67eb
[0m01:11:06.991045 [debug] [Thread-2 (]: Began running node test.oura_pipeline.not_null_stg_daily_readiness_day.84df97c8c1
[0m01:11:06.991218 [info ] [Thread-2 (]: 4 of 14 START test not_null_stg_daily_readiness_day ............................ [RUN]
[0m01:11:06.991425 [debug] [Thread-2 (]: Re-using an available connection from the pool (formerly test.oura_pipeline.not_null_daily_day.d1ea8e67eb, now test.oura_pipeline.not_null_stg_daily_readiness_day.84df97c8c1)
[0m01:11:06.991717 [debug] [Thread-2 (]: Began compiling node test.oura_pipeline.not_null_stg_daily_readiness_day.84df97c8c1
[0m01:11:06.994547 [debug] [Thread-2 (]: Writing injected SQL for node "test.oura_pipeline.not_null_stg_daily_readiness_day.84df97c8c1"
[0m01:11:06.991578 [debug] [Thread-1 (]: Began executing node test.oura_pipeline.not_null_stg_daily_activity_day.fd66243751
[0m01:11:06.995279 [debug] [Thread-1 (]: Writing runtime sql for node "test.oura_pipeline.not_null_stg_daily_activity_day.fd66243751"
[0m01:11:06.995506 [debug] [Thread-2 (]: Began executing node test.oura_pipeline.not_null_stg_daily_readiness_day.84df97c8c1
[0m01:11:06.996175 [debug] [Thread-2 (]: Writing runtime sql for node "test.oura_pipeline.not_null_stg_daily_readiness_day.84df97c8c1"
[0m01:11:06.996384 [debug] [Thread-1 (]: Using postgres connection "test.oura_pipeline.not_null_stg_daily_activity_day.fd66243751"
[0m01:11:06.996573 [debug] [Thread-1 (]: On test.oura_pipeline.not_null_stg_daily_activity_day.fd66243751: /* {"app": "dbt", "dbt_version": "1.12.0", "profile_name": "oura_pipeline", "target_name": "dev", "node_id": "test.oura_pipeline.not_null_stg_daily_activity_day.fd66243751"} */

    
    select
      count(*) as failures,
      count(*) != 0 as should_warn,
      count(*) != 0 as should_error
    from (
      
    
  
    
    



select day
from "oura"."public_staging"."stg_daily_activity"
where day is null



  
  
      
    ) dbt_internal_test
[0m01:11:06.996730 [debug] [Thread-1 (]: Opening a new connection, currently in state closed
[0m01:11:06.996881 [debug] [Thread-2 (]: Using postgres connection "test.oura_pipeline.not_null_stg_daily_readiness_day.84df97c8c1"
[0m01:11:06.997076 [debug] [Thread-2 (]: On test.oura_pipeline.not_null_stg_daily_readiness_day.84df97c8c1: /* {"app": "dbt", "dbt_version": "1.12.0", "profile_name": "oura_pipeline", "target_name": "dev", "node_id": "test.oura_pipeline.not_null_stg_daily_readiness_day.84df97c8c1"} */

    
    select
      count(*) as failures,
      count(*) != 0 as should_warn,
      count(*) != 0 as should_error
    from (
      
    
  
    
    



select day
from "oura"."public_staging"."stg_daily_readiness"
where day is null



  
  
      
    ) dbt_internal_test
[0m01:11:06.997221 [debug] [Thread-2 (]: Opening a new connection, currently in state closed
[0m01:11:07.007428 [debug] [Thread-2 (]: SQL status: SELECT 1 in 0.010 seconds
[0m01:11:07.008179 [debug] [Thread-2 (]: On test.oura_pipeline.not_null_stg_daily_readiness_day.84df97c8c1: ROLLBACK
[0m01:11:07.007591 [debug] [Thread-1 (]: SQL status: SELECT 1 in 0.011 seconds
[0m01:11:07.008742 [debug] [Thread-1 (]: On test.oura_pipeline.not_null_stg_daily_activity_day.fd66243751: ROLLBACK
[0m01:11:07.008893 [debug] [Thread-2 (]: On test.oura_pipeline.not_null_stg_daily_readiness_day.84df97c8c1: Close
[0m01:11:07.009148 [info ] [Thread-2 (]: 4 of 14 PASS not_null_stg_daily_readiness_day .................................. [[32mPASS[0m in 0.02s]
[0m01:11:07.009369 [debug] [Thread-2 (]: Finished running node test.oura_pipeline.not_null_stg_daily_readiness_day.84df97c8c1
[0m01:11:07.009659 [debug] [Thread-2 (]: Began running node test.oura_pipeline.not_null_stg_daily_sleep_day.70c9a4290c
[0m01:11:07.009507 [debug] [Thread-1 (]: On test.oura_pipeline.not_null_stg_daily_activity_day.fd66243751: Close
[0m01:11:07.009823 [info ] [Thread-2 (]: 5 of 14 START test not_null_stg_daily_sleep_day ................................ [RUN]
[0m01:11:07.010273 [debug] [Thread-2 (]: Re-using an available connection from the pool (formerly test.oura_pipeline.not_null_stg_daily_readiness_day.84df97c8c1, now test.oura_pipeline.not_null_stg_daily_sleep_day.70c9a4290c)
[0m01:11:07.010422 [debug] [Thread-2 (]: Began compiling node test.oura_pipeline.not_null_stg_daily_sleep_day.70c9a4290c
[0m01:11:07.013553 [debug] [Thread-2 (]: Writing injected SQL for node "test.oura_pipeline.not_null_stg_daily_sleep_day.70c9a4290c"
[0m01:11:07.010087 [info ] [Thread-1 (]: 3 of 14 PASS not_null_stg_daily_activity_day ................................... [[32mPASS[0m in 0.02s]
[0m01:11:07.013821 [debug] [Thread-1 (]: Finished running node test.oura_pipeline.not_null_stg_daily_activity_day.fd66243751
[0m01:11:07.014003 [debug] [Thread-1 (]: Began running node test.oura_pipeline.not_null_stg_daily_sleep_sleep_score.1080d02b01
[0m01:11:07.014179 [info ] [Thread-1 (]: 6 of 14 START test not_null_stg_daily_sleep_sleep_score ........................ [RUN]
[0m01:11:07.014388 [debug] [Thread-1 (]: Re-using an available connection from the pool (formerly test.oura_pipeline.not_null_stg_daily_activity_day.fd66243751, now test.oura_pipeline.not_null_stg_daily_sleep_sleep_score.1080d02b01)
[0m01:11:07.014559 [debug] [Thread-1 (]: Began compiling node test.oura_pipeline.not_null_stg_daily_sleep_sleep_score.1080d02b01
[0m01:11:07.017508 [debug] [Thread-1 (]: Writing injected SQL for node "test.oura_pipeline.not_null_stg_daily_sleep_sleep_score.1080d02b01"
[0m01:11:07.014710 [debug] [Thread-2 (]: Began executing node test.oura_pipeline.not_null_stg_daily_sleep_day.70c9a4290c
[0m01:11:07.018230 [debug] [Thread-2 (]: Writing runtime sql for node "test.oura_pipeline.not_null_stg_daily_sleep_day.70c9a4290c"
[0m01:11:07.018455 [debug] [Thread-1 (]: Began executing node test.oura_pipeline.not_null_stg_daily_sleep_sleep_score.1080d02b01
[0m01:11:07.019150 [debug] [Thread-1 (]: Writing runtime sql for node "test.oura_pipeline.not_null_stg_daily_sleep_sleep_score.1080d02b01"
[0m01:11:07.019356 [debug] [Thread-2 (]: Using postgres connection "test.oura_pipeline.not_null_stg_daily_sleep_day.70c9a4290c"
[0m01:11:07.019523 [debug] [Thread-2 (]: On test.oura_pipeline.not_null_stg_daily_sleep_day.70c9a4290c: /* {"app": "dbt", "dbt_version": "1.12.0", "profile_name": "oura_pipeline", "target_name": "dev", "node_id": "test.oura_pipeline.not_null_stg_daily_sleep_day.70c9a4290c"} */

    
    select
      count(*) as failures,
      count(*) != 0 as should_warn,
      count(*) != 0 as should_error
    from (
      
    
  
    
    



select day
from "oura"."public_staging"."stg_daily_sleep"
where day is null



  
  
      
    ) dbt_internal_test
[0m01:11:07.019680 [debug] [Thread-2 (]: Opening a new connection, currently in state closed
[0m01:11:07.019882 [debug] [Thread-1 (]: Using postgres connection "test.oura_pipeline.not_null_stg_daily_sleep_sleep_score.1080d02b01"
[0m01:11:07.020037 [debug] [Thread-1 (]: On test.oura_pipeline.not_null_stg_daily_sleep_sleep_score.1080d02b01: /* {"app": "dbt", "dbt_version": "1.12.0", "profile_name": "oura_pipeline", "target_name": "dev", "node_id": "test.oura_pipeline.not_null_stg_daily_sleep_sleep_score.1080d02b01"} */

    
    select
      count(*) as failures,
      count(*) != 0 as should_warn,
      count(*) != 0 as should_error
    from (
      
    
  
    
    



select sleep_score
from "oura"."public_staging"."stg_daily_sleep"
where sleep_score is null



  
  
      
    ) dbt_internal_test
[0m01:11:07.020188 [debug] [Thread-1 (]: Opening a new connection, currently in state closed
[0m01:11:07.030452 [debug] [Thread-2 (]: SQL status: SELECT 1 in 0.011 seconds
[0m01:11:07.031034 [debug] [Thread-2 (]: On test.oura_pipeline.not_null_stg_daily_sleep_day.70c9a4290c: ROLLBACK
[0m01:11:07.031217 [debug] [Thread-1 (]: SQL status: SELECT 1 in 0.011 seconds
[0m01:11:07.031716 [debug] [Thread-1 (]: On test.oura_pipeline.not_null_stg_daily_sleep_sleep_score.1080d02b01: ROLLBACK
[0m01:11:07.031874 [debug] [Thread-2 (]: On test.oura_pipeline.not_null_stg_daily_sleep_day.70c9a4290c: Close
[0m01:11:07.032145 [info ] [Thread-2 (]: 5 of 14 PASS not_null_stg_daily_sleep_day ...................................... [[32mPASS[0m in 0.02s]
[0m01:11:07.032377 [debug] [Thread-2 (]: Finished running node test.oura_pipeline.not_null_stg_daily_sleep_day.70c9a4290c
[0m01:11:07.032677 [debug] [Thread-2 (]: Began running node test.oura_pipeline.not_null_stg_sleep_periods_doc_id.84ec2c0f96
[0m01:11:07.032849 [info ] [Thread-2 (]: 7 of 14 START test not_null_stg_sleep_periods_doc_id ........................... [RUN]
[0m01:11:07.033046 [debug] [Thread-2 (]: Re-using an available connection from the pool (formerly test.oura_pipeline.not_null_stg_daily_sleep_day.70c9a4290c, now test.oura_pipeline.not_null_stg_sleep_periods_doc_id.84ec2c0f96)
[0m01:11:07.033201 [debug] [Thread-2 (]: Began compiling node test.oura_pipeline.not_null_stg_sleep_periods_doc_id.84ec2c0f96
[0m01:11:07.036312 [debug] [Thread-2 (]: Writing injected SQL for node "test.oura_pipeline.not_null_stg_sleep_periods_doc_id.84ec2c0f96"
[0m01:11:07.032518 [debug] [Thread-1 (]: On test.oura_pipeline.not_null_stg_daily_sleep_sleep_score.1080d02b01: Close
[0m01:11:07.036606 [info ] [Thread-1 (]: 6 of 14 PASS not_null_stg_daily_sleep_sleep_score .............................. [[32mPASS[0m in 0.02s]
[0m01:11:07.036842 [debug] [Thread-1 (]: Finished running node test.oura_pipeline.not_null_stg_daily_sleep_sleep_score.1080d02b01
[0m01:11:07.037010 [debug] [Thread-1 (]: Began running node test.oura_pipeline.source_not_null_raw_oura_documents_doc_id.08cbf6e5a1
[0m01:11:07.037175 [info ] [Thread-1 (]: 8 of 14 START test source_not_null_raw_oura_documents_doc_id ................... [RUN]
[0m01:11:07.037511 [debug] [Thread-1 (]: Re-using an available connection from the pool (formerly test.oura_pipeline.not_null_stg_daily_sleep_sleep_score.1080d02b01, now test.oura_pipeline.source_not_null_raw_oura_documents_doc_id.08cbf6e5a1)
[0m01:11:07.037661 [debug] [Thread-1 (]: Began compiling node test.oura_pipeline.source_not_null_raw_oura_documents_doc_id.08cbf6e5a1
[0m01:11:07.040562 [debug] [Thread-1 (]: Writing injected SQL for node "test.oura_pipeline.source_not_null_raw_oura_documents_doc_id.08cbf6e5a1"
[0m01:11:07.037350 [debug] [Thread-2 (]: Began executing node test.oura_pipeline.not_null_stg_sleep_periods_doc_id.84ec2c0f96
[0m01:11:07.041288 [debug] [Thread-2 (]: Writing runtime sql for node "test.oura_pipeline.not_null_stg_sleep_periods_doc_id.84ec2c0f96"
[0m01:11:07.041581 [debug] [Thread-2 (]: Using postgres connection "test.oura_pipeline.not_null_stg_sleep_periods_doc_id.84ec2c0f96"
[0m01:11:07.041752 [debug] [Thread-2 (]: On test.oura_pipeline.not_null_stg_sleep_periods_doc_id.84ec2c0f96: /* {"app": "dbt", "dbt_version": "1.12.0", "profile_name": "oura_pipeline", "target_name": "dev", "node_id": "test.oura_pipeline.not_null_stg_sleep_periods_doc_id.84ec2c0f96"} */

    
    select
      count(*) as failures,
      count(*) != 0 as should_warn,
      count(*) != 0 as should_error
    from (
      
    
  
    
    



select doc_id
from "oura"."public_staging"."stg_sleep_periods"
where doc_id is null



  
  
      
    ) dbt_internal_test
[0m01:11:07.041913 [debug] [Thread-2 (]: Opening a new connection, currently in state closed
[0m01:11:07.042062 [debug] [Thread-1 (]: Began executing node test.oura_pipeline.source_not_null_raw_oura_documents_doc_id.08cbf6e5a1
[0m01:11:07.042819 [debug] [Thread-1 (]: Writing runtime sql for node "test.oura_pipeline.source_not_null_raw_oura_documents_doc_id.08cbf6e5a1"
[0m01:11:07.043146 [debug] [Thread-1 (]: Using postgres connection "test.oura_pipeline.source_not_null_raw_oura_documents_doc_id.08cbf6e5a1"
[0m01:11:07.043310 [debug] [Thread-1 (]: On test.oura_pipeline.source_not_null_raw_oura_documents_doc_id.08cbf6e5a1: /* {"app": "dbt", "dbt_version": "1.12.0", "profile_name": "oura_pipeline", "target_name": "dev", "node_id": "test.oura_pipeline.source_not_null_raw_oura_documents_doc_id.08cbf6e5a1"} */

    
    select
      count(*) as failures,
      count(*) != 0 as should_warn,
      count(*) != 0 as should_error
    from (
      
    
  
    
    



select doc_id
from "oura"."raw"."oura_documents"
where doc_id is null



  
  
      
    ) dbt_internal_test
[0m01:11:07.043457 [debug] [Thread-1 (]: Opening a new connection, currently in state closed
[0m01:11:07.050920 [debug] [Thread-2 (]: SQL status: SELECT 1 in 0.009 seconds
[0m01:11:07.051480 [debug] [Thread-2 (]: On test.oura_pipeline.not_null_stg_sleep_periods_doc_id.84ec2c0f96: ROLLBACK
[0m01:11:07.052015 [debug] [Thread-2 (]: On test.oura_pipeline.not_null_stg_sleep_periods_doc_id.84ec2c0f96: Close
[0m01:11:07.052247 [info ] [Thread-2 (]: 7 of 14 PASS not_null_stg_sleep_periods_doc_id ................................. [[32mPASS[0m in 0.02s]
[0m01:11:07.052481 [debug] [Thread-2 (]: Finished running node test.oura_pipeline.not_null_stg_sleep_periods_doc_id.84ec2c0f96
[0m01:11:07.052648 [debug] [Thread-2 (]: Began running node test.oura_pipeline.source_not_null_raw_oura_documents_payload.1a6e8d31c1
[0m01:11:07.052802 [info ] [Thread-2 (]: 9 of 14 START test source_not_null_raw_oura_documents_payload .................. [RUN]
[0m01:11:07.053173 [debug] [Thread-2 (]: Re-using an available connection from the pool (formerly test.oura_pipeline.not_null_stg_sleep_periods_doc_id.84ec2c0f96, now test.oura_pipeline.source_not_null_raw_oura_documents_payload.1a6e8d31c1)
[0m01:11:07.053454 [debug] [Thread-2 (]: Began compiling node test.oura_pipeline.source_not_null_raw_oura_documents_payload.1a6e8d31c1
[0m01:11:07.056792 [debug] [Thread-2 (]: Writing injected SQL for node "test.oura_pipeline.source_not_null_raw_oura_documents_payload.1a6e8d31c1"
[0m01:11:07.052982 [debug] [Thread-1 (]: SQL status: SELECT 1 in 0.010 seconds
[0m01:11:07.057383 [debug] [Thread-1 (]: On test.oura_pipeline.source_not_null_raw_oura_documents_doc_id.08cbf6e5a1: ROLLBACK
[0m01:11:07.057600 [debug] [Thread-2 (]: Began executing node test.oura_pipeline.source_not_null_raw_oura_documents_payload.1a6e8d31c1
[0m01:11:07.058324 [debug] [Thread-2 (]: Writing runtime sql for node "test.oura_pipeline.source_not_null_raw_oura_documents_payload.1a6e8d31c1"
[0m01:11:07.058485 [debug] [Thread-1 (]: On test.oura_pipeline.source_not_null_raw_oura_documents_doc_id.08cbf6e5a1: Close
[0m01:11:07.058755 [info ] [Thread-1 (]: 8 of 14 PASS source_not_null_raw_oura_documents_doc_id ......................... [[32mPASS[0m in 0.02s]
[0m01:11:07.058999 [debug] [Thread-1 (]: Finished running node test.oura_pipeline.source_not_null_raw_oura_documents_doc_id.08cbf6e5a1
[0m01:11:07.059190 [debug] [Thread-1 (]: Began running node test.oura_pipeline.unique_daily_day.a5b5177e69
[0m01:11:07.059345 [info ] [Thread-1 (]: 10 of 14 START test unique_daily_day ........................................... [RUN]
[0m01:11:07.059708 [debug] [Thread-1 (]: Re-using an available connection from the pool (formerly test.oura_pipeline.source_not_null_raw_oura_documents_doc_id.08cbf6e5a1, now test.oura_pipeline.unique_daily_day.a5b5177e69)
[0m01:11:07.059866 [debug] [Thread-1 (]: Began compiling node test.oura_pipeline.unique_daily_day.a5b5177e69
[0m01:11:07.063812 [debug] [Thread-1 (]: Writing injected SQL for node "test.oura_pipeline.unique_daily_day.a5b5177e69"
[0m01:11:07.059545 [debug] [Thread-2 (]: Using postgres connection "test.oura_pipeline.source_not_null_raw_oura_documents_payload.1a6e8d31c1"
[0m01:11:07.064016 [debug] [Thread-2 (]: On test.oura_pipeline.source_not_null_raw_oura_documents_payload.1a6e8d31c1: /* {"app": "dbt", "dbt_version": "1.12.0", "profile_name": "oura_pipeline", "target_name": "dev", "node_id": "test.oura_pipeline.source_not_null_raw_oura_documents_payload.1a6e8d31c1"} */

    
    select
      count(*) as failures,
      count(*) != 0 as should_warn,
      count(*) != 0 as should_error
    from (
      
    
  
    
    



select payload
from "oura"."raw"."oura_documents"
where payload is null



  
  
      
    ) dbt_internal_test
[0m01:11:07.064169 [debug] [Thread-2 (]: Opening a new connection, currently in state closed
[0m01:11:07.064375 [debug] [Thread-1 (]: Began executing node test.oura_pipeline.unique_daily_day.a5b5177e69
[0m01:11:07.065092 [debug] [Thread-1 (]: Writing runtime sql for node "test.oura_pipeline.unique_daily_day.a5b5177e69"
[0m01:11:07.065372 [debug] [Thread-1 (]: Using postgres connection "test.oura_pipeline.unique_daily_day.a5b5177e69"
[0m01:11:07.065531 [debug] [Thread-1 (]: On test.oura_pipeline.unique_daily_day.a5b5177e69: /* {"app": "dbt", "dbt_version": "1.12.0", "profile_name": "oura_pipeline", "target_name": "dev", "node_id": "test.oura_pipeline.unique_daily_day.a5b5177e69"} */

    
    select
      count(*) as failures,
      count(*) != 0 as should_warn,
      count(*) != 0 as should_error
    from (
      
    
  
    
    

select
    day as unique_field,
    count(*) as n_records

from "oura"."public_staging"."daily"
where day is not null
group by day
having count(*) > 1



  
  
      
    ) dbt_internal_test
[0m01:11:07.065674 [debug] [Thread-1 (]: Opening a new connection, currently in state closed
[0m01:11:07.080943 [debug] [Thread-2 (]: SQL status: SELECT 1 in 0.017 seconds
[0m01:11:07.081690 [debug] [Thread-2 (]: On test.oura_pipeline.source_not_null_raw_oura_documents_payload.1a6e8d31c1: ROLLBACK
[0m01:11:07.082311 [debug] [Thread-2 (]: On test.oura_pipeline.source_not_null_raw_oura_documents_payload.1a6e8d31c1: Close
[0m01:11:07.082660 [info ] [Thread-2 (]: 9 of 14 PASS source_not_null_raw_oura_documents_payload ........................ [[32mPASS[0m in 0.03s]
[0m01:11:07.082924 [debug] [Thread-2 (]: Finished running node test.oura_pipeline.source_not_null_raw_oura_documents_payload.1a6e8d31c1
[0m01:11:07.083098 [debug] [Thread-2 (]: Began running node test.oura_pipeline.unique_stg_daily_activity_day.44c5a5e572
[0m01:11:07.083293 [info ] [Thread-2 (]: 11 of 14 START test unique_stg_daily_activity_day .............................. [RUN]
[0m01:11:07.083528 [debug] [Thread-2 (]: Re-using an available connection from the pool (formerly test.oura_pipeline.source_not_null_raw_oura_documents_payload.1a6e8d31c1, now test.oura_pipeline.unique_stg_daily_activity_day.44c5a5e572)
[0m01:11:07.083696 [debug] [Thread-2 (]: Began compiling node test.oura_pipeline.unique_stg_daily_activity_day.44c5a5e572
[0m01:11:07.087190 [debug] [Thread-2 (]: Writing injected SQL for node "test.oura_pipeline.unique_stg_daily_activity_day.44c5a5e572"
[0m01:11:07.087530 [debug] [Thread-2 (]: Began executing node test.oura_pipeline.unique_stg_daily_activity_day.44c5a5e572
[0m01:11:07.088247 [debug] [Thread-2 (]: Writing runtime sql for node "test.oura_pipeline.unique_stg_daily_activity_day.44c5a5e572"
[0m01:11:07.088560 [debug] [Thread-2 (]: Using postgres connection "test.oura_pipeline.unique_stg_daily_activity_day.44c5a5e572"
[0m01:11:07.088728 [debug] [Thread-2 (]: On test.oura_pipeline.unique_stg_daily_activity_day.44c5a5e572: /* {"app": "dbt", "dbt_version": "1.12.0", "profile_name": "oura_pipeline", "target_name": "dev", "node_id": "test.oura_pipeline.unique_stg_daily_activity_day.44c5a5e572"} */

    
    select
      count(*) as failures,
      count(*) != 0 as should_warn,
      count(*) != 0 as should_error
    from (
      
    
  
    
    

select
    day as unique_field,
    count(*) as n_records

from "oura"."public_staging"."stg_daily_activity"
where day is not null
group by day
having count(*) > 1



  
  
      
    ) dbt_internal_test
[0m01:11:07.088883 [debug] [Thread-2 (]: Opening a new connection, currently in state closed
[0m01:11:07.093035 [debug] [Thread-1 (]: SQL status: SELECT 1 in 0.027 seconds
[0m01:11:07.093647 [debug] [Thread-1 (]: On test.oura_pipeline.unique_daily_day.a5b5177e69: ROLLBACK
[0m01:11:07.093984 [debug] [Thread-1 (]: On test.oura_pipeline.unique_daily_day.a5b5177e69: Close
[0m01:11:07.094252 [info ] [Thread-1 (]: 10 of 14 PASS unique_daily_day ................................................. [[32mPASS[0m in 0.03s]
[0m01:11:07.094517 [debug] [Thread-1 (]: Finished running node test.oura_pipeline.unique_daily_day.a5b5177e69
[0m01:11:07.094696 [debug] [Thread-1 (]: Began running node test.oura_pipeline.unique_stg_daily_readiness_day.ea27c561e5
[0m01:11:07.094878 [info ] [Thread-1 (]: 12 of 14 START test unique_stg_daily_readiness_day ............................. [RUN]
[0m01:11:07.095071 [debug] [Thread-1 (]: Re-using an available connection from the pool (formerly test.oura_pipeline.unique_daily_day.a5b5177e69, now test.oura_pipeline.unique_stg_daily_readiness_day.ea27c561e5)
[0m01:11:07.095227 [debug] [Thread-1 (]: Began compiling node test.oura_pipeline.unique_stg_daily_readiness_day.ea27c561e5
[0m01:11:07.098272 [debug] [Thread-1 (]: Writing injected SQL for node "test.oura_pipeline.unique_stg_daily_readiness_day.ea27c561e5"
[0m01:11:07.098447 [debug] [Thread-2 (]: SQL status: SELECT 1 in 0.010 seconds
[0m01:11:07.099023 [debug] [Thread-2 (]: On test.oura_pipeline.unique_stg_daily_activity_day.44c5a5e572: ROLLBACK
[0m01:11:07.099243 [debug] [Thread-1 (]: Began executing node test.oura_pipeline.unique_stg_daily_readiness_day.ea27c561e5
[0m01:11:07.099968 [debug] [Thread-1 (]: Writing runtime sql for node "test.oura_pipeline.unique_stg_daily_readiness_day.ea27c561e5"
[0m01:11:07.100120 [debug] [Thread-2 (]: On test.oura_pipeline.unique_stg_daily_activity_day.44c5a5e572: Close
[0m01:11:07.100394 [info ] [Thread-2 (]: 11 of 14 PASS unique_stg_daily_activity_day .................................... [[32mPASS[0m in 0.02s]
[0m01:11:07.100644 [debug] [Thread-2 (]: Finished running node test.oura_pipeline.unique_stg_daily_activity_day.44c5a5e572
[0m01:11:07.100986 [debug] [Thread-2 (]: Began running node test.oura_pipeline.unique_stg_daily_sleep_day.92f84ff608
[0m01:11:07.101161 [info ] [Thread-2 (]: 13 of 14 START test unique_stg_daily_sleep_day ................................. [RUN]
[0m01:11:07.101346 [debug] [Thread-2 (]: Re-using an available connection from the pool (formerly test.oura_pipeline.unique_stg_daily_activity_day.44c5a5e572, now test.oura_pipeline.unique_stg_daily_sleep_day.92f84ff608)
[0m01:11:07.101500 [debug] [Thread-2 (]: Began compiling node test.oura_pipeline.unique_stg_daily_sleep_day.92f84ff608
[0m01:11:07.104705 [debug] [Thread-2 (]: Writing injected SQL for node "test.oura_pipeline.unique_stg_daily_sleep_day.92f84ff608"
[0m01:11:07.100812 [debug] [Thread-1 (]: Using postgres connection "test.oura_pipeline.unique_stg_daily_readiness_day.ea27c561e5"
[0m01:11:07.104917 [debug] [Thread-1 (]: On test.oura_pipeline.unique_stg_daily_readiness_day.ea27c561e5: /* {"app": "dbt", "dbt_version": "1.12.0", "profile_name": "oura_pipeline", "target_name": "dev", "node_id": "test.oura_pipeline.unique_stg_daily_readiness_day.ea27c561e5"} */

    
    select
      count(*) as failures,
      count(*) != 0 as should_warn,
      count(*) != 0 as should_error
    from (
      
    
  
    
    

select
    day as unique_field,
    count(*) as n_records

from "oura"."public_staging"."stg_daily_readiness"
where day is not null
group by day
having count(*) > 1



  
  
      
    ) dbt_internal_test
[0m01:11:07.105083 [debug] [Thread-1 (]: Opening a new connection, currently in state closed
[0m01:11:07.105274 [debug] [Thread-2 (]: Began executing node test.oura_pipeline.unique_stg_daily_sleep_day.92f84ff608
[0m01:11:07.105990 [debug] [Thread-2 (]: Writing runtime sql for node "test.oura_pipeline.unique_stg_daily_sleep_day.92f84ff608"
[0m01:11:07.106283 [debug] [Thread-2 (]: Using postgres connection "test.oura_pipeline.unique_stg_daily_sleep_day.92f84ff608"
[0m01:11:07.106447 [debug] [Thread-2 (]: On test.oura_pipeline.unique_stg_daily_sleep_day.92f84ff608: /* {"app": "dbt", "dbt_version": "1.12.0", "profile_name": "oura_pipeline", "target_name": "dev", "node_id": "test.oura_pipeline.unique_stg_daily_sleep_day.92f84ff608"} */

    
    select
      count(*) as failures,
      count(*) != 0 as should_warn,
      count(*) != 0 as should_error
    from (
      
    
  
    
    

select
    day as unique_field,
    count(*) as n_records

from "oura"."public_staging"."stg_daily_sleep"
where day is not null
group by day
having count(*) > 1



  
  
      
    ) dbt_internal_test
[0m01:11:07.106674 [debug] [Thread-2 (]: Opening a new connection, currently in state closed
[0m01:11:07.111456 [debug] [Thread-1 (]: SQL status: SELECT 1 in 0.006 seconds
[0m01:11:07.112136 [debug] [Thread-1 (]: On test.oura_pipeline.unique_stg_daily_readiness_day.ea27c561e5: ROLLBACK
[0m01:11:07.112552 [debug] [Thread-1 (]: On test.oura_pipeline.unique_stg_daily_readiness_day.ea27c561e5: Close
[0m01:11:07.112849 [info ] [Thread-1 (]: 12 of 14 PASS unique_stg_daily_readiness_day ................................... [[32mPASS[0m in 0.02s]
[0m01:11:07.113118 [debug] [Thread-1 (]: Finished running node test.oura_pipeline.unique_stg_daily_readiness_day.ea27c561e5
[0m01:11:07.113298 [debug] [Thread-1 (]: Began running node test.oura_pipeline.unique_stg_sleep_periods_doc_id.a7219dda1c
[0m01:11:07.113479 [debug] [Thread-2 (]: SQL status: SELECT 1 in 0.007 seconds
[0m01:11:07.114278 [debug] [Thread-2 (]: On test.oura_pipeline.unique_stg_daily_sleep_day.92f84ff608: ROLLBACK
[0m01:11:07.113686 [info ] [Thread-1 (]: 14 of 14 START test unique_stg_sleep_periods_doc_id ............................ [RUN]
[0m01:11:07.114494 [debug] [Thread-1 (]: Re-using an available connection from the pool (formerly test.oura_pipeline.unique_stg_daily_readiness_day.ea27c561e5, now test.oura_pipeline.unique_stg_sleep_periods_doc_id.a7219dda1c)
[0m01:11:07.114817 [debug] [Thread-1 (]: Began compiling node test.oura_pipeline.unique_stg_sleep_periods_doc_id.a7219dda1c
[0m01:11:07.117735 [debug] [Thread-1 (]: Writing injected SQL for node "test.oura_pipeline.unique_stg_sleep_periods_doc_id.a7219dda1c"
[0m01:11:07.114658 [debug] [Thread-2 (]: On test.oura_pipeline.unique_stg_daily_sleep_day.92f84ff608: Close
[0m01:11:07.118046 [info ] [Thread-2 (]: 13 of 14 PASS unique_stg_daily_sleep_day ....................................... [[32mPASS[0m in 0.02s]
[0m01:11:07.118306 [debug] [Thread-2 (]: Finished running node test.oura_pipeline.unique_stg_daily_sleep_day.92f84ff608
[0m01:11:07.118491 [debug] [Thread-1 (]: Began executing node test.oura_pipeline.unique_stg_sleep_periods_doc_id.a7219dda1c
[0m01:11:07.119254 [debug] [Thread-1 (]: Writing runtime sql for node "test.oura_pipeline.unique_stg_sleep_periods_doc_id.a7219dda1c"
[0m01:11:07.119537 [debug] [Thread-1 (]: Using postgres connection "test.oura_pipeline.unique_stg_sleep_periods_doc_id.a7219dda1c"
[0m01:11:07.119698 [debug] [Thread-1 (]: On test.oura_pipeline.unique_stg_sleep_periods_doc_id.a7219dda1c: /* {"app": "dbt", "dbt_version": "1.12.0", "profile_name": "oura_pipeline", "target_name": "dev", "node_id": "test.oura_pipeline.unique_stg_sleep_periods_doc_id.a7219dda1c"} */

    
    select
      count(*) as failures,
      count(*) != 0 as should_warn,
      count(*) != 0 as should_error
    from (
      
    
  
    
    

select
    doc_id as unique_field,
    count(*) as n_records

from "oura"."public_staging"."stg_sleep_periods"
where doc_id is not null
group by doc_id
having count(*) > 1



  
  
      
    ) dbt_internal_test
[0m01:11:07.119843 [debug] [Thread-1 (]: Opening a new connection, currently in state closed
[0m01:11:07.126311 [debug] [Thread-1 (]: SQL status: SELECT 1 in 0.006 seconds
[0m01:11:07.126996 [debug] [Thread-1 (]: On test.oura_pipeline.unique_stg_sleep_periods_doc_id.a7219dda1c: ROLLBACK
[0m01:11:07.127364 [debug] [Thread-1 (]: On test.oura_pipeline.unique_stg_sleep_periods_doc_id.a7219dda1c: Close
[0m01:11:07.127646 [info ] [Thread-1 (]: 14 of 14 PASS unique_stg_sleep_periods_doc_id .................................. [[32mPASS[0m in 0.01s]
[0m01:11:07.127893 [debug] [Thread-1 (]: Finished running node test.oura_pipeline.unique_stg_sleep_periods_doc_id.a7219dda1c
[0m01:11:07.128528 [debug] [MainThread]: On master: COMMIT
[0m01:11:07.128685 [debug] [MainThread]: Using postgres connection "master"
[0m01:11:07.128810 [debug] [MainThread]: On master: COMMIT
[0m01:11:07.128923 [debug] [MainThread]: Opening a new connection, currently in state closed
[0m01:11:07.133834 [debug] [MainThread]: SQL status: COMMIT in 0.005 seconds
[0m01:11:07.133976 [debug] [MainThread]: On master: Close
[0m01:11:07.134161 [debug] [MainThread]: Connection 'master' was properly closed.
[0m01:11:07.134282 [debug] [MainThread]: Connection 'test.oura_pipeline.unique_stg_sleep_periods_doc_id.a7219dda1c' was properly closed.
[0m01:11:07.134393 [debug] [MainThread]: Connection 'test.oura_pipeline.unique_stg_daily_sleep_day.92f84ff608' was properly closed.
[0m01:11:07.134529 [info ] [MainThread]: 
[0m01:11:07.134658 [info ] [MainThread]: Finished running 14 data tests in 0 hours 0 minutes and 0.26 seconds (0.26s).
[0m01:11:07.135652 [debug] [MainThread]: Command end result
[0m01:11:07.154368 [debug] [MainThread]: Wrote artifact WritableManifest to dbt_project/target/manifest.json
[0m01:11:07.155746 [debug] [MainThread]: Wrote artifact SemanticManifest to dbt_project/target/semantic_manifest.json
[0m01:11:07.157044 [debug] [MainThread]: Wrote artifact OsiDocument to dbt_project/target/osi_document.json
[0m01:11:07.162745 [debug] [MainThread]: Wrote artifact RunExecutionResult to dbt_project/target/run_results.json
[0m01:11:07.162929 [info ] [MainThread]: 
[0m01:11:07.163104 [info ] [MainThread]: [32mCompleted successfully[0m
[0m01:11:07.163239 [info ] [MainThread]: 
[0m01:11:07.163386 [info ] [MainThread]: Done. PASS=14 WARN=0 ERROR=0 SKIP=0 NO-OP=0 REUSED=0 TOTAL=14
[0m01:11:07.165044 [debug] [MainThread]: Resource report: {"command_name": "test", "command_success": true, "command_wall_clock_time": 0.71855634, "process_in_blocks": "0", "process_kernel_time": 0.125892, "process_mem_max_rss": "156794880", "process_out_blocks": "0", "process_user_time": 1.223556}
[0m01:11:07.165264 [debug] [MainThread]: Command `dbt test` succeeded at 01:11:07.165227 after 0.72 seconds
[0m01:11:07.165441 [debug] [MainThread]: Sending event: {'category': 'dbt', 'action': 'invocation', 'label': 'end', 'context': [<snowplow_tracker.self_describing_json.SelfDescribingJson object at 0x10b9d5490>, <snowplow_tracker.self_describing_json.SelfDescribingJson object at 0x10bba5860>, <snowplow_tracker.self_describing_json.SelfDescribingJson object at 0x10bba75f0>]}
[0m01:11:07.165596 [debug] [MainThread]: Flushing usage events
[0m01:11:07.630993 [debug] [MainThread]: An error was encountered while trying to flush usage events
[0m01:11:31.714053 [debug] [MainThread]: Sending event: {'category': 'dbt', 'action': 'invocation', 'label': 'start', 'context': [<snowplow_tracker.self_describing_json.SelfDescribingJson object at 0x108b323c0>, <snowplow_tracker.self_describing_json.SelfDescribingJson object at 0x10a902ad0>, <snowplow_tracker.self_describing_json.SelfDescribingJson object at 0x10a902850>]}


============================== 01:11:31.717118 | 3629a4dd-47d6-4a6a-956e-c0d697f5fd15 ==============================
[0m01:11:31.717118 [info ] [MainThread]: Running with dbt=1.12.0
[0m01:11:31.717411 [debug] [MainThread]: running dbt with arguments {'use_experimental_parser': 'False', 'send_anonymous_usage_stats': 'True', 'indirect_selection': 'eager', 'log_cache_events': 'False', 'version_check': 'True', 'warn_error': 'None', 'empty': 'False', 'printer_width': '80', 'write_json': 'True', 'hints_enabled': 'True', 'no_print': 'None', 'maximum_seed_size_mib': '1', 'quiet': 'False', 'log_format': 'default', 'static_parser': 'True', 'debug': 'False', 'log_path': 'dbt_project/logs', 'cache_selected_only': 'False', 'warn_error_options': 'WarnErrorOptionsV2(error=[], warn=[], silence=[])', 'fail_fast': 'False', 'target_path': 'None', 'profiles_dir': 'dbt_project', 'use_colors': 'True', 'invocation_command': 'dbt run --project-dir dbt_project --profiles-dir dbt_project', 'partial_parse': 'True', 'introspect': 'True'}
[0m01:11:31.817357 [debug] [MainThread]: Sending event: {'category': 'dbt', 'action': 'project_id', 'label': '3629a4dd-47d6-4a6a-956e-c0d697f5fd15', 'context': [<snowplow_tracker.self_describing_json.SelfDescribingJson object at 0x10a7b3950>]}
[0m01:11:31.848716 [debug] [MainThread]: Sending event: {'category': 'dbt', 'action': 'adapter_info', 'label': '3629a4dd-47d6-4a6a-956e-c0d697f5fd15', 'context': [<snowplow_tracker.self_describing_json.SelfDescribingJson object at 0x106ddbac0>]}
[0m01:11:31.849404 [info ] [MainThread]: Registered adapter: postgres=1.11.0
[0m01:11:31.902538 [debug] [MainThread]: checksum: c1ffe9f110806a3ce4abaa2aeb37be2fe0adbff9020d1ac226d9247297b963bb, vars: {}, profile: oura_pipeline, target: dev, version: 1.12.0
[0m01:11:31.989802 [debug] [MainThread]: Partial parsing enabled: 0 files deleted, 1 files added, 0 files changed.
[0m01:11:31.990099 [debug] [MainThread]: Partial parsing: added file: oura_pipeline://macros/generate_schema_name.sql
[0m01:11:31.991271 [info ] [MainThread]: Unable to do partial parsing because change detected to override macro. Starting full parse.
[0m01:11:32.692637 [debug] [MainThread]: Sending event: {'category': 'dbt', 'action': 'load_project', 'label': '3629a4dd-47d6-4a6a-956e-c0d697f5fd15', 'context': [<snowplow_tracker.self_describing_json.SelfDescribingJson object at 0x10bc7d850>]}
[0m01:11:32.753768 [debug] [MainThread]: Wrote artifact WritableManifest to dbt_project/target/manifest.json
[0m01:11:32.755669 [debug] [MainThread]: Wrote artifact SemanticManifest to dbt_project/target/semantic_manifest.json
[0m01:11:32.766487 [debug] [MainThread]: Wrote artifact OsiDocument to dbt_project/target/osi_document.json
[0m01:11:32.773111 [debug] [MainThread]: Sending event: {'category': 'dbt', 'action': 'resource_counts', 'label': '3629a4dd-47d6-4a6a-956e-c0d697f5fd15', 'context': [<snowplow_tracker.self_describing_json.SelfDescribingJson object at 0x10bcdd9a0>]}
[0m01:11:32.773341 [info ] [MainThread]: Found 6 models, 14 data tests, 1 source, 478 macros
[0m01:11:32.773491 [debug] [MainThread]: Sending event: {'category': 'dbt', 'action': 'runnable_timing', 'label': '3629a4dd-47d6-4a6a-956e-c0d697f5fd15', 'context': [<snowplow_tracker.self_describing_json.SelfDescribingJson object at 0x10d313af0>]}
[0m01:11:32.774559 [info ] [MainThread]: 
[0m01:11:32.774731 [info ] [MainThread]: Concurrency: 2 threads (target='dev')
[0m01:11:32.774856 [info ] [MainThread]: 
[0m01:11:32.775082 [debug] [MainThread]: Acquiring new postgres connection 'master'
[0m01:11:32.777048 [debug] [ThreadPool]: Acquiring new postgres connection 'list_oura'
[0m01:11:32.799035 [debug] [ThreadPool]: Using postgres connection "list_oura"
[0m01:11:32.799200 [debug] [ThreadPool]: On list_oura: /* {"app": "dbt", "dbt_version": "1.12.0", "profile_name": "oura_pipeline", "target_name": "dev", "connection_name": "list_oura"} */

    select distinct nspname from pg_namespace
  
[0m01:11:32.799330 [debug] [ThreadPool]: Opening a new connection, currently in state init
[0m01:11:32.835245 [debug] [ThreadPool]: SQL status: SELECT 5 in 0.036 seconds
[0m01:11:32.835854 [debug] [ThreadPool]: On list_oura: Close
[0m01:11:32.836207 [debug] [ThreadPool]: Re-using an available connection from the pool (formerly list_oura, now create_oura_staging)
[0m01:11:32.836419 [debug] [ThreadPool]: Creating schema "database: "oura"
schema: "staging"
"
[0m01:11:32.838458 [debug] [ThreadPool]: Using postgres connection "create_oura_staging"
[0m01:11:32.838603 [debug] [ThreadPool]: On create_oura_staging: /* {"app": "dbt", "dbt_version": "1.12.0", "profile_name": "oura_pipeline", "target_name": "dev", "connection_name": "create_oura_staging"} */
create schema if not exists "staging"
[0m01:11:32.838719 [debug] [ThreadPool]: Opening a new connection, currently in state closed
[0m01:11:32.846708 [debug] [ThreadPool]: SQL status: CREATE SCHEMA in 0.008 seconds
[0m01:11:32.847082 [debug] [ThreadPool]: On create_oura_staging: COMMIT
[0m01:11:32.847209 [debug] [ThreadPool]: Using postgres connection "create_oura_staging"
[0m01:11:32.847322 [debug] [ThreadPool]: On create_oura_staging: COMMIT
[0m01:11:32.848146 [debug] [ThreadPool]: SQL status: COMMIT in 0.001 seconds
[0m01:11:32.848272 [debug] [ThreadPool]: On create_oura_staging: Close
[0m01:11:32.848949 [debug] [ThreadPool]: Re-using an available connection from the pool (formerly create_oura_staging, now list_oura_staging)
[0m01:11:32.851408 [debug] [ThreadPool]: Using postgres connection "list_oura_staging"
[0m01:11:32.851583 [debug] [ThreadPool]: On list_oura_staging: /* {"app": "dbt", "dbt_version": "1.12.0", "profile_name": "oura_pipeline", "target_name": "dev", "connection_name": "list_oura_staging"} */
select
      'oura' as database,
      tablename as name,
      schemaname as schema,
      'table' as type
    from pg_tables
    where schemaname ilike 'staging'
    union all
    select
      'oura' as database,
      viewname as name,
      schemaname as schema,
      'view' as type
    from pg_views
    where schemaname ilike 'staging'
    union all
    select
      'oura' as database,
      matviewname as name,
      schemaname as schema,
      'materialized_view' as type
    from pg_matviews
    where schemaname ilike 'staging'
    union all
    select distinct
     'oura' as database,
     proname as name,
     ns.nspname as schema,
     'function' as type
    from pg_proc
     join pg_namespace as ns on pronamespace = ns.oid
    where ns.nspname ilike 'staging'
  
[0m01:11:32.851725 [debug] [ThreadPool]: Opening a new connection, currently in state closed
[0m01:11:32.863993 [debug] [ThreadPool]: SQL status: SELECT 0 in 0.012 seconds
[0m01:11:32.864476 [debug] [ThreadPool]: On list_oura_staging: ROLLBACK
[0m01:11:32.865088 [debug] [ThreadPool]: On list_oura_staging: Close
[0m01:11:32.866715 [debug] [MainThread]: Using postgres connection "master"
[0m01:11:32.866906 [debug] [MainThread]: On master: /* {"app": "dbt", "dbt_version": "1.12.0", "profile_name": "oura_pipeline", "target_name": "dev", "connection_name": "master"} */
select distinct
        dependent_namespace.nspname as dependent_schema,
        dependent_class.relname as dependent_name,
        referenced_namespace.nspname as referenced_schema,
        referenced_class.relname as referenced_name

    -- Query for views: views are entries in pg_class with an entry in pg_rewrite, but we avoid
    -- a seq scan on pg_rewrite by leveraging the fact there is an "internal" row in pg_depend for
    -- the view...
    from pg_class as dependent_class
    join pg_namespace as dependent_namespace on dependent_namespace.oid = dependent_class.relnamespace
    join pg_depend as dependent_depend on dependent_depend.refobjid = dependent_class.oid
        and dependent_depend.classid = 'pg_rewrite'::regclass
        and dependent_depend.refclassid = 'pg_class'::regclass
        and dependent_depend.deptype = 'i'

    -- ... and via pg_depend (that has a row per column, hence the need for "distinct" above, and
    -- making sure to exclude the internal row to avoid a view appearing to depend on itself)...
    join pg_depend as joining_depend on joining_depend.objid = dependent_depend.objid
        and joining_depend.classid = 'pg_rewrite'::regclass
        and joining_depend.refclassid = 'pg_class'::regclass
        and joining_depend.refobjid != dependent_depend.refobjid

    -- ... we can find the tables they query from in pg_class, but excluding system tables. Note we
    -- don't need need to exclude _dependent_ system tables, because they only query from other
    -- system tables, and so are automatically excluded by excluding _referenced_ system tables
    join pg_class as referenced_class on referenced_class.oid = joining_depend.refobjid
    join pg_namespace as referenced_namespace on referenced_namespace.oid = referenced_class.relnamespace
        and referenced_namespace.nspname != 'information_schema'
        and referenced_namespace.nspname not like 'pg\_%'

    order by
        dependent_schema, dependent_name, referenced_schema, referenced_name;
[0m01:11:32.867075 [debug] [MainThread]: Opening a new connection, currently in state init
[0m01:11:32.877531 [debug] [MainThread]: SQL status: SELECT 0 in 0.010 seconds
[0m01:11:32.878026 [debug] [MainThread]: Sending event: {'category': 'dbt', 'action': 'runnable_timing', 'label': '3629a4dd-47d6-4a6a-956e-c0d697f5fd15', 'context': [<snowplow_tracker.self_describing_json.SelfDescribingJson object at 0x10d44c530>]}
[0m01:11:32.878235 [debug] [MainThread]: On master: ROLLBACK
[0m01:11:32.878635 [debug] [MainThread]: On master: COMMIT
[0m01:11:32.878762 [debug] [MainThread]: Using postgres connection "master"
[0m01:11:32.878881 [debug] [MainThread]: On master: COMMIT
[0m01:11:32.879441 [debug] [MainThread]: SQL status: COMMIT in 0.000 seconds
[0m01:11:32.879597 [debug] [MainThread]: On master: Close
[0m01:11:32.880917 [debug] [Thread-1 (]: Began running node model.oura_pipeline.stg_daily_activity
[0m01:11:32.881348 [info ] [Thread-1 (]: 1 of 6 START sql view model staging.stg_daily_activity ......................... [RUN]
[0m01:11:32.881559 [debug] [Thread-1 (]: Re-using an available connection from the pool (formerly list_oura_staging, now model.oura_pipeline.stg_daily_activity)
[0m01:11:32.881709 [debug] [Thread-1 (]: Began compiling node model.oura_pipeline.stg_daily_activity
[0m01:11:32.885420 [debug] [Thread-1 (]: Writing injected SQL for node "model.oura_pipeline.stg_daily_activity"
[0m01:11:32.881110 [debug] [Thread-2 (]: Began running node model.oura_pipeline.stg_daily_readiness
[0m01:11:32.885694 [info ] [Thread-2 (]: 2 of 6 START sql view model staging.stg_daily_readiness ........................ [RUN]
[0m01:11:32.885979 [debug] [Thread-2 (]: Acquiring new postgres connection 'model.oura_pipeline.stg_daily_readiness'
[0m01:11:32.886301 [debug] [Thread-2 (]: Began compiling node model.oura_pipeline.stg_daily_readiness
[0m01:11:32.887169 [debug] [Thread-2 (]: Writing injected SQL for node "model.oura_pipeline.stg_daily_readiness"
[0m01:11:32.886146 [debug] [Thread-1 (]: Began executing node model.oura_pipeline.stg_daily_activity
[0m01:11:32.903478 [debug] [Thread-1 (]: Writing runtime sql for node "model.oura_pipeline.stg_daily_activity"
[0m01:11:32.903684 [debug] [Thread-2 (]: Began executing node model.oura_pipeline.stg_daily_readiness
[0m01:11:32.904998 [debug] [Thread-2 (]: Writing runtime sql for node "model.oura_pipeline.stg_daily_readiness"
[0m01:11:32.905259 [debug] [Thread-1 (]: Using postgres connection "model.oura_pipeline.stg_daily_activity"
[0m01:11:32.905458 [debug] [Thread-1 (]: On model.oura_pipeline.stg_daily_activity: /* {"app": "dbt", "dbt_version": "1.12.0", "profile_name": "oura_pipeline", "target_name": "dev", "node_id": "model.oura_pipeline.stg_daily_activity"} */

  create view "oura"."staging"."stg_daily_activity__dbt_tmp"
    
    
  as (
    select
    day::date                                  as day,
    (payload->>'score')::int                   as activity_score,
    (payload->>'steps')::int                   as steps,
    (payload->>'total_calories')::int          as total_calories,
    (payload->>'active_calories')::int         as active_calories,
    (payload->>'sedentary_time')::int / 3600.0 as sedentary_hours,
    (payload->>'non_wear_time')::int / 3600.0  as non_wear_hours
from "oura"."raw"."oura_documents"
where endpoint = 'daily_activity'
  );
[0m01:11:32.905627 [debug] [Thread-1 (]: Opening a new connection, currently in state closed
[0m01:11:32.905790 [debug] [Thread-2 (]: Using postgres connection "model.oura_pipeline.stg_daily_readiness"
[0m01:11:32.906023 [debug] [Thread-2 (]: On model.oura_pipeline.stg_daily_readiness: /* {"app": "dbt", "dbt_version": "1.12.0", "profile_name": "oura_pipeline", "target_name": "dev", "node_id": "model.oura_pipeline.stg_daily_readiness"} */

  create view "oura"."staging"."stg_daily_readiness__dbt_tmp"
    
    
  as (
    select
    day::date                                                  as day,
    (payload->>'score')::int                                   as readiness_score,
    (payload->>'temperature_deviation')::numeric               as temp_deviation,
    (payload->'contributors'->>'resting_heart_rate')::int      as c_resting_hr,
    (payload->'contributors'->>'hrv_balance')::int             as c_hrv_balance,
    (payload->'contributors'->>'recovery_index')::int          as c_recovery_index,
    (payload->'contributors'->>'sleep_balance')::int           as c_sleep_balance,
    (payload->'contributors'->>'activity_balance')::int        as c_activity_balance,
    (payload->'contributors'->>'body_temperature')::int        as c_body_temperature,
    (payload->'contributors'->>'previous_day_activity')::int   as c_prev_day_activity,
    (payload->'contributors'->>'previous_night')::int          as c_previous_night
from "oura"."raw"."oura_documents"
where endpoint = 'daily_readiness'
  );
[0m01:11:32.906198 [debug] [Thread-2 (]: Opening a new connection, currently in state init
[0m01:11:32.916947 [debug] [Thread-1 (]: SQL status: CREATE VIEW in 0.011 seconds
[0m01:11:32.919387 [debug] [Thread-1 (]: Using postgres connection "model.oura_pipeline.stg_daily_activity"
[0m01:11:32.919735 [debug] [Thread-1 (]: On model.oura_pipeline.stg_daily_activity: /* {"app": "dbt", "dbt_version": "1.12.0", "profile_name": "oura_pipeline", "target_name": "dev", "node_id": "model.oura_pipeline.stg_daily_activity"} */
alter table "oura"."staging"."stg_daily_activity__dbt_tmp" rename to "stg_daily_activity"
[0m01:11:32.919571 [debug] [Thread-2 (]: SQL status: CREATE VIEW in 0.013 seconds
[0m01:11:32.920595 [debug] [Thread-2 (]: Using postgres connection "model.oura_pipeline.stg_daily_readiness"
[0m01:11:32.920954 [debug] [Thread-2 (]: On model.oura_pipeline.stg_daily_readiness: /* {"app": "dbt", "dbt_version": "1.12.0", "profile_name": "oura_pipeline", "target_name": "dev", "node_id": "model.oura_pipeline.stg_daily_readiness"} */
alter table "oura"."staging"."stg_daily_readiness__dbt_tmp" rename to "stg_daily_readiness"
[0m01:11:32.920775 [debug] [Thread-1 (]: SQL status: ALTER TABLE in 0.001 seconds
[0m01:11:32.926747 [debug] [Thread-2 (]: SQL status: ALTER TABLE in 0.006 seconds
[0m01:11:32.929526 [debug] [Thread-2 (]: On model.oura_pipeline.stg_daily_readiness: COMMIT
[0m01:11:32.929689 [debug] [Thread-2 (]: Using postgres connection "model.oura_pipeline.stg_daily_readiness"
[0m01:11:32.929838 [debug] [Thread-2 (]: On model.oura_pipeline.stg_daily_readiness: COMMIT
[0m01:11:32.928966 [debug] [Thread-1 (]: On model.oura_pipeline.stg_daily_activity: COMMIT
[0m01:11:32.929995 [debug] [Thread-1 (]: Using postgres connection "model.oura_pipeline.stg_daily_activity"
[0m01:11:32.930127 [debug] [Thread-1 (]: On model.oura_pipeline.stg_daily_activity: COMMIT
[0m01:11:32.930946 [debug] [Thread-2 (]: SQL status: COMMIT in 0.001 seconds
[0m01:11:32.933265 [debug] [Thread-2 (]: Applying DROP to: "oura"."staging"."stg_daily_readiness__dbt_backup"
[0m01:11:32.935460 [debug] [Thread-2 (]: Using postgres connection "model.oura_pipeline.stg_daily_readiness"
[0m01:11:32.933435 [debug] [Thread-1 (]: SQL status: COMMIT in 0.003 seconds
[0m01:11:32.936414 [debug] [Thread-1 (]: Applying DROP to: "oura"."staging"."stg_daily_activity__dbt_backup"
[0m01:11:32.936658 [debug] [Thread-1 (]: Using postgres connection "model.oura_pipeline.stg_daily_activity"
[0m01:11:32.935632 [debug] [Thread-2 (]: On model.oura_pipeline.stg_daily_readiness: /* {"app": "dbt", "dbt_version": "1.12.0", "profile_name": "oura_pipeline", "target_name": "dev", "node_id": "model.oura_pipeline.stg_daily_readiness"} */
drop view if exists "oura"."staging"."stg_daily_readiness__dbt_backup" cascade
[0m01:11:32.936814 [debug] [Thread-1 (]: On model.oura_pipeline.stg_daily_activity: /* {"app": "dbt", "dbt_version": "1.12.0", "profile_name": "oura_pipeline", "target_name": "dev", "node_id": "model.oura_pipeline.stg_daily_activity"} */
drop view if exists "oura"."staging"."stg_daily_activity__dbt_backup" cascade
[0m01:11:32.937496 [debug] [Thread-2 (]: SQL status: DROP VIEW in 0.001 seconds
[0m01:11:32.938655 [debug] [Thread-2 (]: On model.oura_pipeline.stg_daily_readiness: Close
[0m01:11:32.937654 [debug] [Thread-1 (]: SQL status: DROP VIEW in 0.001 seconds
[0m01:11:32.939702 [debug] [Thread-1 (]: On model.oura_pipeline.stg_daily_activity: Close
[0m01:11:32.940181 [debug] [Thread-2 (]: Sending event: {'category': 'dbt', 'action': 'run_model', 'label': '3629a4dd-47d6-4a6a-956e-c0d697f5fd15', 'context': [<snowplow_tracker.self_describing_json.SelfDescribingJson object at 0x10d559310>]}
[0m01:11:32.940618 [info ] [Thread-2 (]: 2 of 6 OK created sql view model staging.stg_daily_readiness ................... [[32mCREATE VIEW[0m in 0.05s]
[0m01:11:32.940877 [debug] [Thread-2 (]: Finished running node model.oura_pipeline.stg_daily_readiness
[0m01:11:32.941046 [debug] [Thread-2 (]: Began running node model.oura_pipeline.stg_daily_sleep
[0m01:11:32.941236 [info ] [Thread-2 (]: 3 of 6 START sql view model staging.stg_daily_sleep ............................ [RUN]
[0m01:11:32.941470 [debug] [Thread-2 (]: Re-using an available connection from the pool (formerly model.oura_pipeline.stg_daily_readiness, now model.oura_pipeline.stg_daily_sleep)
[0m01:11:32.940332 [debug] [Thread-1 (]: Sending event: {'category': 'dbt', 'action': 'run_model', 'label': '3629a4dd-47d6-4a6a-956e-c0d697f5fd15', 'context': [<snowplow_tracker.self_describing_json.SelfDescribingJson object at 0x108e336a0>]}
[0m01:11:32.941628 [debug] [Thread-2 (]: Began compiling node model.oura_pipeline.stg_daily_sleep
[0m01:11:32.942715 [debug] [Thread-2 (]: Writing injected SQL for node "model.oura_pipeline.stg_daily_sleep"
[0m01:11:32.941867 [info ] [Thread-1 (]: 1 of 6 OK created sql view model staging.stg_daily_activity .................... [[32mCREATE VIEW[0m in 0.06s]
[0m01:11:32.942975 [debug] [Thread-1 (]: Finished running node model.oura_pipeline.stg_daily_activity
[0m01:11:32.943155 [debug] [Thread-1 (]: Began running node model.oura_pipeline.stg_sleep_periods
[0m01:11:32.943375 [info ] [Thread-1 (]: 4 of 6 START sql view model staging.stg_sleep_periods .......................... [RUN]
[0m01:11:32.943719 [debug] [Thread-1 (]: Re-using an available connection from the pool (formerly model.oura_pipeline.stg_daily_activity, now model.oura_pipeline.stg_sleep_periods)
[0m01:11:32.943881 [debug] [Thread-1 (]: Began compiling node model.oura_pipeline.stg_sleep_periods
[0m01:11:32.944683 [debug] [Thread-1 (]: Writing injected SQL for node "model.oura_pipeline.stg_sleep_periods"
[0m01:11:32.943556 [debug] [Thread-2 (]: Began executing node model.oura_pipeline.stg_daily_sleep
[0m01:11:32.945744 [debug] [Thread-2 (]: Writing runtime sql for node "model.oura_pipeline.stg_daily_sleep"
[0m01:11:32.945965 [debug] [Thread-1 (]: Began executing node model.oura_pipeline.stg_sleep_periods
[0m01:11:32.946971 [debug] [Thread-1 (]: Writing runtime sql for node "model.oura_pipeline.stg_sleep_periods"
[0m01:11:32.947178 [debug] [Thread-2 (]: Using postgres connection "model.oura_pipeline.stg_daily_sleep"
[0m01:11:32.947366 [debug] [Thread-2 (]: On model.oura_pipeline.stg_daily_sleep: /* {"app": "dbt", "dbt_version": "1.12.0", "profile_name": "oura_pipeline", "target_name": "dev", "node_id": "model.oura_pipeline.stg_daily_sleep"} */

  create view "oura"."staging"."stg_daily_sleep__dbt_tmp"
    
    
  as (
    select
    day::date                                          as day,
    (payload->>'score')::int                           as sleep_score,
    (payload->'contributors'->>'deep_sleep')::int      as c_deep_sleep,
    (payload->'contributors'->>'efficiency')::int      as c_efficiency,
    (payload->'contributors'->>'latency')::int         as c_latency,
    (payload->'contributors'->>'rem_sleep')::int       as c_rem_sleep,
    (payload->'contributors'->>'restfulness')::int     as c_restfulness,
    (payload->'contributors'->>'timing')::int          as c_timing,
    (payload->'contributors'->>'total_sleep')::int     as c_total_sleep
from "oura"."raw"."oura_documents"
where endpoint = 'daily_sleep'
  );
[0m01:11:32.947537 [debug] [Thread-2 (]: Opening a new connection, currently in state closed
[0m01:11:32.947693 [debug] [Thread-1 (]: Using postgres connection "model.oura_pipeline.stg_sleep_periods"
[0m01:11:32.947914 [debug] [Thread-1 (]: On model.oura_pipeline.stg_sleep_periods: /* {"app": "dbt", "dbt_version": "1.12.0", "profile_name": "oura_pipeline", "target_name": "dev", "node_id": "model.oura_pipeline.stg_sleep_periods"} */

  create view "oura"."staging"."stg_sleep_periods__dbt_tmp"
    
    
  as (
    select
    doc_id,
    day::date                                          as day,
    payload->>'type'                                   as type,
    (payload->>'bedtime_start')::timestamptz           as bedtime_start,
    (payload->>'bedtime_end')::timestamptz             as bedtime_end,
    (payload->>'total_sleep_duration')::int / 3600.0   as sleep_hours,
    (payload->>'time_in_bed')::int / 3600.0            as time_in_bed_hours,
    (payload->>'efficiency')::int                      as efficiency,
    (payload->>'latency')::int / 60.0                  as latency_min,
    (payload->>'deep_sleep_duration')::int / 3600.0    as deep_hours,
    (payload->>'rem_sleep_duration')::int / 3600.0     as rem_hours,
    (payload->>'light_sleep_duration')::int / 3600.0   as light_hours,
    (payload->>'awake_time')::int / 3600.0             as awake_hours,
    (payload->>'average_heart_rate')::numeric          as avg_hr,
    (payload->>'lowest_heart_rate')::int               as lowest_hr,
    (payload->>'average_hrv')::int                     as avg_hrv,
    (payload->>'average_breath')::numeric              as avg_breath
from "oura"."raw"."oura_documents"
where endpoint = 'sleep'
  );
[0m01:11:32.948088 [debug] [Thread-1 (]: Opening a new connection, currently in state closed
[0m01:11:32.959260 [debug] [Thread-2 (]: SQL status: CREATE VIEW in 0.012 seconds
[0m01:11:32.960349 [debug] [Thread-2 (]: Using postgres connection "model.oura_pipeline.stg_daily_sleep"
[0m01:11:32.960680 [debug] [Thread-2 (]: On model.oura_pipeline.stg_daily_sleep: /* {"app": "dbt", "dbt_version": "1.12.0", "profile_name": "oura_pipeline", "target_name": "dev", "node_id": "model.oura_pipeline.stg_daily_sleep"} */
alter table "oura"."staging"."stg_daily_sleep__dbt_tmp" rename to "stg_daily_sleep"
[0m01:11:32.960516 [debug] [Thread-1 (]: SQL status: CREATE VIEW in 0.012 seconds
[0m01:11:32.961491 [debug] [Thread-1 (]: Using postgres connection "model.oura_pipeline.stg_sleep_periods"
[0m01:11:32.961794 [debug] [Thread-1 (]: On model.oura_pipeline.stg_sleep_periods: /* {"app": "dbt", "dbt_version": "1.12.0", "profile_name": "oura_pipeline", "target_name": "dev", "node_id": "model.oura_pipeline.stg_sleep_periods"} */
alter table "oura"."staging"."stg_sleep_periods__dbt_tmp" rename to "stg_sleep_periods"
[0m01:11:32.961649 [debug] [Thread-2 (]: SQL status: ALTER TABLE in 0.001 seconds
[0m01:11:32.962343 [debug] [Thread-2 (]: On model.oura_pipeline.stg_daily_sleep: COMMIT
[0m01:11:32.962497 [debug] [Thread-2 (]: Using postgres connection "model.oura_pipeline.stg_daily_sleep"
[0m01:11:32.962803 [debug] [Thread-2 (]: On model.oura_pipeline.stg_daily_sleep: COMMIT
[0m01:11:32.962657 [debug] [Thread-1 (]: SQL status: ALTER TABLE in 0.001 seconds
[0m01:11:32.963362 [debug] [Thread-1 (]: On model.oura_pipeline.stg_sleep_periods: COMMIT
[0m01:11:32.963523 [debug] [Thread-1 (]: Using postgres connection "model.oura_pipeline.stg_sleep_periods"
[0m01:11:32.963654 [debug] [Thread-1 (]: On model.oura_pipeline.stg_sleep_periods: COMMIT
[0m01:11:32.963814 [debug] [Thread-2 (]: SQL status: COMMIT in 0.001 seconds
[0m01:11:32.964384 [debug] [Thread-2 (]: Applying DROP to: "oura"."staging"."stg_daily_sleep__dbt_backup"
[0m01:11:32.964625 [debug] [Thread-2 (]: Using postgres connection "model.oura_pipeline.stg_daily_sleep"
[0m01:11:32.964910 [debug] [Thread-2 (]: On model.oura_pipeline.stg_daily_sleep: /* {"app": "dbt", "dbt_version": "1.12.0", "profile_name": "oura_pipeline", "target_name": "dev", "node_id": "model.oura_pipeline.stg_daily_sleep"} */
drop view if exists "oura"."staging"."stg_daily_sleep__dbt_backup" cascade
[0m01:11:32.964770 [debug] [Thread-1 (]: SQL status: COMMIT in 0.001 seconds
[0m01:11:32.965457 [debug] [Thread-1 (]: Applying DROP to: "oura"."staging"."stg_sleep_periods__dbt_backup"
[0m01:11:32.965837 [debug] [Thread-1 (]: Using postgres connection "model.oura_pipeline.stg_sleep_periods"
[0m01:11:32.965986 [debug] [Thread-1 (]: On model.oura_pipeline.stg_sleep_periods: /* {"app": "dbt", "dbt_version": "1.12.0", "profile_name": "oura_pipeline", "target_name": "dev", "node_id": "model.oura_pipeline.stg_sleep_periods"} */
drop view if exists "oura"."staging"."stg_sleep_periods__dbt_backup" cascade
[0m01:11:32.965603 [debug] [Thread-2 (]: SQL status: DROP VIEW in 0.001 seconds
[0m01:11:32.966530 [debug] [Thread-2 (]: On model.oura_pipeline.stg_daily_sleep: Close
[0m01:11:32.966682 [debug] [Thread-1 (]: SQL status: DROP VIEW in 0.001 seconds
[0m01:11:32.967143 [debug] [Thread-1 (]: On model.oura_pipeline.stg_sleep_periods: Close
[0m01:11:32.967353 [debug] [Thread-2 (]: Sending event: {'category': 'dbt', 'action': 'run_model', 'label': '3629a4dd-47d6-4a6a-956e-c0d697f5fd15', 'context': [<snowplow_tracker.self_describing_json.SelfDescribingJson object at 0x10d704cd0>]}
[0m01:11:32.967798 [info ] [Thread-2 (]: 3 of 6 OK created sql view model staging.stg_daily_sleep ....................... [[32mCREATE VIEW[0m in 0.03s]
[0m01:11:32.968032 [debug] [Thread-2 (]: Finished running node model.oura_pipeline.stg_daily_sleep
[0m01:11:32.968187 [debug] [Thread-2 (]: Began running node model.oura_pipeline.stg_workouts
[0m01:11:32.968393 [info ] [Thread-2 (]: 5 of 6 START sql view model staging.stg_workouts ............................... [RUN]
[0m01:11:32.968586 [debug] [Thread-2 (]: Re-using an available connection from the pool (formerly model.oura_pipeline.stg_daily_sleep, now model.oura_pipeline.stg_workouts)
[0m01:11:32.967547 [debug] [Thread-1 (]: Sending event: {'category': 'dbt', 'action': 'run_model', 'label': '3629a4dd-47d6-4a6a-956e-c0d697f5fd15', 'context': [<snowplow_tracker.self_describing_json.SelfDescribingJson object at 0x10d6f0f80>]}
[0m01:11:32.968975 [info ] [Thread-1 (]: 4 of 6 OK created sql view model staging.stg_sleep_periods ..................... [[32mCREATE VIEW[0m in 0.02s]
[0m01:11:32.969203 [debug] [Thread-1 (]: Finished running node model.oura_pipeline.stg_sleep_periods
[0m01:11:32.968738 [debug] [Thread-2 (]: Began compiling node model.oura_pipeline.stg_workouts
[0m01:11:32.970208 [debug] [Thread-2 (]: Writing injected SQL for node "model.oura_pipeline.stg_workouts"
[0m01:11:32.969446 [debug] [Thread-1 (]: Began running node model.oura_pipeline.daily
[0m01:11:32.970445 [info ] [Thread-1 (]: 6 of 6 START sql view model staging.daily ...................................... [RUN]
[0m01:11:32.970633 [debug] [Thread-1 (]: Re-using an available connection from the pool (formerly model.oura_pipeline.stg_sleep_periods, now model.oura_pipeline.daily)
[0m01:11:32.970788 [debug] [Thread-1 (]: Began compiling node model.oura_pipeline.daily
[0m01:11:32.971905 [debug] [Thread-1 (]: Writing injected SQL for node "model.oura_pipeline.daily"
[0m01:11:32.972077 [debug] [Thread-2 (]: Began executing node model.oura_pipeline.stg_workouts
[0m01:11:32.973372 [debug] [Thread-2 (]: Writing runtime sql for node "model.oura_pipeline.stg_workouts"
[0m01:11:32.973591 [debug] [Thread-1 (]: Began executing node model.oura_pipeline.daily
[0m01:11:32.974597 [debug] [Thread-1 (]: Writing runtime sql for node "model.oura_pipeline.daily"
[0m01:11:32.974806 [debug] [Thread-2 (]: Using postgres connection "model.oura_pipeline.stg_workouts"
[0m01:11:32.974993 [debug] [Thread-2 (]: On model.oura_pipeline.stg_workouts: /* {"app": "dbt", "dbt_version": "1.12.0", "profile_name": "oura_pipeline", "target_name": "dev", "node_id": "model.oura_pipeline.stg_workouts"} */

  create view "oura"."staging"."stg_workouts__dbt_tmp"
    
    
  as (
    select
    doc_id,
    day::date                                  as day,
    payload->>'activity'                       as activity,
    payload->>'intensity'                      as intensity,
    (payload->>'calories')::numeric            as calories,
    (payload->>'start_datetime')::timestamptz  as start_at,
    (payload->>'end_datetime')::timestamptz    as end_at
from "oura"."raw"."oura_documents"
where endpoint = 'workout'
  );
[0m01:11:32.975153 [debug] [Thread-2 (]: Opening a new connection, currently in state closed
[0m01:11:32.975307 [debug] [Thread-1 (]: Using postgres connection "model.oura_pipeline.daily"
[0m01:11:32.975520 [debug] [Thread-1 (]: On model.oura_pipeline.daily: /* {"app": "dbt", "dbt_version": "1.12.0", "profile_name": "oura_pipeline", "target_name": "dev", "node_id": "model.oura_pipeline.daily"} */

  create view "oura"."staging"."daily__dbt_tmp"
    
    
  as (
    -- One row per day: the analysis-ready wide table
select
    ds.day,
    ds.sleep_score,
    dr.readiness_score,
    da.activity_score,
    sp.sleep_hours,
    sp.efficiency,
    sp.avg_hrv,
    sp.lowest_hr,
    sp.avg_hr,
    sp.bedtime_start,
    sp.deep_hours,
    sp.rem_hours,
    dr.temp_deviation,
    da.steps
from "oura"."staging"."stg_daily_sleep" ds
left join "oura"."staging"."stg_daily_readiness" dr using (day)
left join "oura"."staging"."stg_daily_activity" da using (day)
left join lateral (
    select * from "oura"."staging"."stg_sleep_periods" p
    where p.day = ds.day and p.type = 'long_sleep'
    order by p.sleep_hours desc limit 1
) sp on true
  );
[0m01:11:32.975685 [debug] [Thread-1 (]: Opening a new connection, currently in state closed
[0m01:11:32.985924 [debug] [Thread-2 (]: SQL status: CREATE VIEW in 0.011 seconds
[0m01:11:32.986719 [debug] [Thread-2 (]: Using postgres connection "model.oura_pipeline.stg_workouts"
[0m01:11:32.986870 [debug] [Thread-2 (]: On model.oura_pipeline.stg_workouts: /* {"app": "dbt", "dbt_version": "1.12.0", "profile_name": "oura_pipeline", "target_name": "dev", "node_id": "model.oura_pipeline.stg_workouts"} */
alter table "oura"."staging"."stg_workouts__dbt_tmp" rename to "stg_workouts"
[0m01:11:32.987457 [debug] [Thread-1 (]: SQL status: CREATE VIEW in 0.012 seconds
[0m01:11:32.988365 [debug] [Thread-1 (]: Using postgres connection "model.oura_pipeline.daily"
[0m01:11:32.988528 [debug] [Thread-1 (]: On model.oura_pipeline.daily: /* {"app": "dbt", "dbt_version": "1.12.0", "profile_name": "oura_pipeline", "target_name": "dev", "node_id": "model.oura_pipeline.daily"} */
alter table "oura"."staging"."daily__dbt_tmp" rename to "daily"
[0m01:11:32.987608 [debug] [Thread-2 (]: SQL status: ALTER TABLE in 0.001 seconds
[0m01:11:32.989092 [debug] [Thread-2 (]: On model.oura_pipeline.stg_workouts: COMMIT
[0m01:11:32.989237 [debug] [Thread-2 (]: Using postgres connection "model.oura_pipeline.stg_workouts"
[0m01:11:32.989368 [debug] [Thread-2 (]: On model.oura_pipeline.stg_workouts: COMMIT
[0m01:11:32.989523 [debug] [Thread-1 (]: SQL status: ALTER TABLE in 0.001 seconds
[0m01:11:32.990045 [debug] [Thread-1 (]: On model.oura_pipeline.daily: COMMIT
[0m01:11:32.990182 [debug] [Thread-1 (]: Using postgres connection "model.oura_pipeline.daily"
[0m01:11:32.990319 [debug] [Thread-1 (]: On model.oura_pipeline.daily: COMMIT
[0m01:11:32.990709 [debug] [Thread-2 (]: SQL status: COMMIT in 0.001 seconds
[0m01:11:32.991260 [debug] [Thread-2 (]: Applying DROP to: "oura"."staging"."stg_workouts__dbt_backup"
[0m01:11:32.991852 [debug] [Thread-2 (]: Using postgres connection "model.oura_pipeline.stg_workouts"
[0m01:11:32.992008 [debug] [Thread-2 (]: On model.oura_pipeline.stg_workouts: /* {"app": "dbt", "dbt_version": "1.12.0", "profile_name": "oura_pipeline", "target_name": "dev", "node_id": "model.oura_pipeline.stg_workouts"} */
drop view if exists "oura"."staging"."stg_workouts__dbt_backup" cascade
[0m01:11:32.991412 [debug] [Thread-1 (]: SQL status: COMMIT in 0.001 seconds
[0m01:11:32.992583 [debug] [Thread-1 (]: Applying DROP to: "oura"."staging"."daily__dbt_backup"
[0m01:11:32.992968 [debug] [Thread-1 (]: Using postgres connection "model.oura_pipeline.daily"
[0m01:11:32.993118 [debug] [Thread-1 (]: On model.oura_pipeline.daily: /* {"app": "dbt", "dbt_version": "1.12.0", "profile_name": "oura_pipeline", "target_name": "dev", "node_id": "model.oura_pipeline.daily"} */
drop view if exists "oura"."staging"."daily__dbt_backup" cascade
[0m01:11:32.992738 [debug] [Thread-2 (]: SQL status: DROP VIEW in 0.001 seconds
[0m01:11:32.993643 [debug] [Thread-2 (]: On model.oura_pipeline.stg_workouts: Close
[0m01:11:32.993789 [debug] [Thread-1 (]: SQL status: DROP VIEW in 0.001 seconds
[0m01:11:32.994463 [debug] [Thread-1 (]: On model.oura_pipeline.daily: Close
[0m01:11:32.993989 [debug] [Thread-2 (]: Sending event: {'category': 'dbt', 'action': 'run_model', 'label': '3629a4dd-47d6-4a6a-956e-c0d697f5fd15', 'context': [<snowplow_tracker.self_describing_json.SelfDescribingJson object at 0x10d349a90>]}
[0m01:11:32.994902 [info ] [Thread-2 (]: 5 of 6 OK created sql view model staging.stg_workouts .......................... [[32mCREATE VIEW[0m in 0.03s]
[0m01:11:32.995135 [debug] [Thread-2 (]: Finished running node model.oura_pipeline.stg_workouts
[0m01:11:32.994656 [debug] [Thread-1 (]: Sending event: {'category': 'dbt', 'action': 'run_model', 'label': '3629a4dd-47d6-4a6a-956e-c0d697f5fd15', 'context': [<snowplow_tracker.self_describing_json.SelfDescribingJson object at 0x10d60bd90>]}
[0m01:11:32.995397 [info ] [Thread-1 (]: 6 of 6 OK created sql view model staging.daily ................................. [[32mCREATE VIEW[0m in 0.02s]
[0m01:11:32.995609 [debug] [Thread-1 (]: Finished running node model.oura_pipeline.daily
[0m01:11:32.996161 [debug] [MainThread]: On master: COMMIT
[0m01:11:32.996280 [debug] [MainThread]: Using postgres connection "master"
[0m01:11:32.996386 [debug] [MainThread]: On master: COMMIT
[0m01:11:32.996485 [debug] [MainThread]: Opening a new connection, currently in state closed
[0m01:11:33.004455 [debug] [MainThread]: SQL status: COMMIT in 0.008 seconds
[0m01:11:33.004578 [debug] [MainThread]: On master: Close
[0m01:11:33.004734 [debug] [MainThread]: Connection 'master' was properly closed.
[0m01:11:33.004838 [debug] [MainThread]: Connection 'model.oura_pipeline.daily' was properly closed.
[0m01:11:33.004938 [debug] [MainThread]: Connection 'model.oura_pipeline.stg_workouts' was properly closed.
[0m01:11:33.005070 [info ] [MainThread]: 
[0m01:11:33.005201 [info ] [MainThread]: Finished running 6 view models in 0 hours 0 minutes and 0.23 seconds (0.23s).
[0m01:11:33.005760 [debug] [MainThread]: Command end result
[0m01:11:33.024122 [debug] [MainThread]: Wrote artifact WritableManifest to dbt_project/target/manifest.json
[0m01:11:33.025511 [debug] [MainThread]: Wrote artifact SemanticManifest to dbt_project/target/semantic_manifest.json
[0m01:11:33.026747 [debug] [MainThread]: Wrote artifact OsiDocument to dbt_project/target/osi_document.json
[0m01:11:33.030049 [debug] [MainThread]: Wrote artifact RunExecutionResult to dbt_project/target/run_results.json
[0m01:11:33.030193 [info ] [MainThread]: 
[0m01:11:33.030350 [info ] [MainThread]: [32mCompleted successfully[0m
[0m01:11:33.030474 [info ] [MainThread]: 
[0m01:11:33.030613 [info ] [MainThread]: Done. PASS=6 WARN=0 ERROR=0 SKIP=0 NO-OP=0 REUSED=0 TOTAL=6
[0m01:11:33.032842 [debug] [MainThread]: Resource report: {"command_name": "run", "command_success": true, "command_wall_clock_time": 1.3945448, "process_in_blocks": "0", "process_kernel_time": 0.140564, "process_mem_max_rss": "163676160", "process_out_blocks": "0", "process_user_time": 1.855108}
[0m01:11:33.033063 [debug] [MainThread]: Command `dbt run` succeeded at 01:11:33.033025 after 1.39 seconds
[0m01:11:33.033235 [debug] [MainThread]: Sending event: {'category': 'dbt', 'action': 'invocation', 'label': 'end', 'context': [<snowplow_tracker.self_describing_json.SelfDescribingJson object at 0x108ddc350>, <snowplow_tracker.self_describing_json.SelfDescribingJson object at 0x10bfeaab0>, <snowplow_tracker.self_describing_json.SelfDescribingJson object at 0x10bfe9eb0>]}
[0m01:11:33.033387 [debug] [MainThread]: Flushing usage events
[0m01:11:33.614492 [debug] [MainThread]: An error was encountered while trying to flush usage events
[0m01:11:34.614639 [debug] [MainThread]: Sending event: {'category': 'dbt', 'action': 'invocation', 'label': 'start', 'context': [<snowplow_tracker.self_describing_json.SelfDescribingJson object at 0x106d363c0>, <snowplow_tracker.self_describing_json.SelfDescribingJson object at 0x1084c6ad0>, <snowplow_tracker.self_describing_json.SelfDescribingJson object at 0x1084c6850>]}


============================== 01:11:34.616963 | a9e4b84f-4ce0-4a5a-95eb-4491d7919059 ==============================
[0m01:11:34.616963 [info ] [MainThread]: Running with dbt=1.12.0
[0m01:11:34.617269 [debug] [MainThread]: running dbt with arguments {'cache_selected_only': 'False', 'use_experimental_parser': 'False', 'profiles_dir': 'dbt_project', 'partial_parse': 'True', 'log_cache_events': 'False', 'introspect': 'True', 'quiet': 'False', 'fail_fast': 'False', 'warn_error': 'None', 'static_parser': 'True', 'no_print': 'None', 'printer_width': '80', 'write_json': 'True', 'indirect_selection': 'eager', 'use_colors': 'True', 'empty': 'None', 'send_anonymous_usage_stats': 'True', 'invocation_command': 'dbt test --project-dir dbt_project --profiles-dir dbt_project', 'log_path': 'dbt_project/logs', 'version_check': 'True', 'maximum_seed_size_mib': '1', 'target_path': 'None', 'hints_enabled': 'True', 'debug': 'False', 'warn_error_options': 'WarnErrorOptionsV2(error=[], warn=[], silence=[])', 'log_format': 'default'}
[0m01:11:34.702759 [debug] [MainThread]: Sending event: {'category': 'dbt', 'action': 'project_id', 'label': 'a9e4b84f-4ce0-4a5a-95eb-4491d7919059', 'context': [<snowplow_tracker.self_describing_json.SelfDescribingJson object at 0x10847b950>]}
[0m01:11:34.734190 [debug] [MainThread]: Sending event: {'category': 'dbt', 'action': 'adapter_info', 'label': 'a9e4b84f-4ce0-4a5a-95eb-4491d7919059', 'context': [<snowplow_tracker.self_describing_json.SelfDescribingJson object at 0x104fe7ac0>]}
[0m01:11:34.734738 [info ] [MainThread]: Registered adapter: postgres=1.11.0
[0m01:11:34.783183 [debug] [MainThread]: checksum: c1ffe9f110806a3ce4abaa2aeb37be2fe0adbff9020d1ac226d9247297b963bb, vars: {}, profile: oura_pipeline, target: dev, version: 1.12.0
[0m01:11:34.860696 [debug] [MainThread]: Partial parsing enabled: 0 files deleted, 0 files added, 0 files changed.
[0m01:11:34.860911 [debug] [MainThread]: Nothing changed, skipping partial parsing.
[0m01:11:34.861042 [debug] [MainThread]: Partial parsing enabled, no changes found, skipping parsing
[0m01:11:34.865911 [debug] [MainThread]: Sending event: {'category': 'dbt', 'action': 'load_project', 'label': 'a9e4b84f-4ce0-4a5a-95eb-4491d7919059', 'context': [<snowplow_tracker.self_describing_json.SelfDescribingJson object at 0x109747250>]}
[0m01:11:34.949696 [debug] [MainThread]: Wrote artifact WritableManifest to dbt_project/target/manifest.json
[0m01:11:34.951291 [debug] [MainThread]: Wrote artifact SemanticManifest to dbt_project/target/semantic_manifest.json
[0m01:11:34.957739 [debug] [MainThread]: Wrote artifact OsiDocument to dbt_project/target/osi_document.json
[0m01:11:34.967434 [debug] [MainThread]: Sending event: {'category': 'dbt', 'action': 'resource_counts', 'label': 'a9e4b84f-4ce0-4a5a-95eb-4491d7919059', 'context': [<snowplow_tracker.self_describing_json.SelfDescribingJson object at 0x1095ffc50>]}
[0m01:11:34.967654 [info ] [MainThread]: Found 6 models, 14 data tests, 1 source, 478 macros
[0m01:11:34.967808 [debug] [MainThread]: Sending event: {'category': 'dbt', 'action': 'runnable_timing', 'label': 'a9e4b84f-4ce0-4a5a-95eb-4491d7919059', 'context': [<snowplow_tracker.self_describing_json.SelfDescribingJson object at 0x10990dc50>]}
[0m01:11:34.968991 [info ] [MainThread]: 
[0m01:11:34.969158 [info ] [MainThread]: Concurrency: 2 threads (target='dev')
[0m01:11:34.969283 [info ] [MainThread]: 
[0m01:11:34.969526 [debug] [MainThread]: Acquiring new postgres connection 'master'
[0m01:11:34.971484 [debug] [ThreadPool]: Acquiring new postgres connection 'list_oura_staging'
[0m01:11:34.993209 [debug] [ThreadPool]: Using postgres connection "list_oura_staging"
[0m01:11:34.993392 [debug] [ThreadPool]: On list_oura_staging: /* {"app": "dbt", "dbt_version": "1.12.0", "profile_name": "oura_pipeline", "target_name": "dev", "connection_name": "list_oura_staging"} */
select
      'oura' as database,
      tablename as name,
      schemaname as schema,
      'table' as type
    from pg_tables
    where schemaname ilike 'staging'
    union all
    select
      'oura' as database,
      viewname as name,
      schemaname as schema,
      'view' as type
    from pg_views
    where schemaname ilike 'staging'
    union all
    select
      'oura' as database,
      matviewname as name,
      schemaname as schema,
      'materialized_view' as type
    from pg_matviews
    where schemaname ilike 'staging'
    union all
    select distinct
     'oura' as database,
     proname as name,
     ns.nspname as schema,
     'function' as type
    from pg_proc
     join pg_namespace as ns on pronamespace = ns.oid
    where ns.nspname ilike 'staging'
  
[0m01:11:34.993542 [debug] [ThreadPool]: Opening a new connection, currently in state init
[0m01:11:35.017650 [debug] [ThreadPool]: SQL status: SELECT 6 in 0.024 seconds
[0m01:11:35.018312 [debug] [ThreadPool]: On list_oura_staging: ROLLBACK
[0m01:11:35.018805 [debug] [ThreadPool]: On list_oura_staging: Close
[0m01:11:35.021013 [debug] [MainThread]: Using postgres connection "master"
[0m01:11:35.021204 [debug] [MainThread]: On master: /* {"app": "dbt", "dbt_version": "1.12.0", "profile_name": "oura_pipeline", "target_name": "dev", "connection_name": "master"} */
select distinct
        dependent_namespace.nspname as dependent_schema,
        dependent_class.relname as dependent_name,
        referenced_namespace.nspname as referenced_schema,
        referenced_class.relname as referenced_name

    -- Query for views: views are entries in pg_class with an entry in pg_rewrite, but we avoid
    -- a seq scan on pg_rewrite by leveraging the fact there is an "internal" row in pg_depend for
    -- the view...
    from pg_class as dependent_class
    join pg_namespace as dependent_namespace on dependent_namespace.oid = dependent_class.relnamespace
    join pg_depend as dependent_depend on dependent_depend.refobjid = dependent_class.oid
        and dependent_depend.classid = 'pg_rewrite'::regclass
        and dependent_depend.refclassid = 'pg_class'::regclass
        and dependent_depend.deptype = 'i'

    -- ... and via pg_depend (that has a row per column, hence the need for "distinct" above, and
    -- making sure to exclude the internal row to avoid a view appearing to depend on itself)...
    join pg_depend as joining_depend on joining_depend.objid = dependent_depend.objid
        and joining_depend.classid = 'pg_rewrite'::regclass
        and joining_depend.refclassid = 'pg_class'::regclass
        and joining_depend.refobjid != dependent_depend.refobjid

    -- ... we can find the tables they query from in pg_class, but excluding system tables. Note we
    -- don't need need to exclude _dependent_ system tables, because they only query from other
    -- system tables, and so are automatically excluded by excluding _referenced_ system tables
    join pg_class as referenced_class on referenced_class.oid = joining_depend.refobjid
    join pg_namespace as referenced_namespace on referenced_namespace.oid = referenced_class.relnamespace
        and referenced_namespace.nspname != 'information_schema'
        and referenced_namespace.nspname not like 'pg\_%'

    order by
        dependent_schema, dependent_name, referenced_schema, referenced_name;
[0m01:11:35.021370 [debug] [MainThread]: Opening a new connection, currently in state init
[0m01:11:35.031748 [debug] [MainThread]: SQL status: SELECT 9 in 0.010 seconds
[0m01:11:35.032636 [debug] [MainThread]: Sending event: {'category': 'dbt', 'action': 'runnable_timing', 'label': 'a9e4b84f-4ce0-4a5a-95eb-4491d7919059', 'context': [<snowplow_tracker.self_describing_json.SelfDescribingJson object at 0x109ad35f0>]}
[0m01:11:35.032831 [debug] [MainThread]: On master: ROLLBACK
[0m01:11:35.033292 [debug] [MainThread]: On master: COMMIT
[0m01:11:35.033409 [debug] [MainThread]: Using postgres connection "master"
[0m01:11:35.033521 [debug] [MainThread]: On master: COMMIT
[0m01:11:35.034144 [debug] [MainThread]: SQL status: COMMIT in 0.001 seconds
[0m01:11:35.034262 [debug] [MainThread]: On master: Close
[0m01:11:35.035241 [debug] [Thread-2 (]: Began running node test.oura_pipeline.not_null_daily_day.d1ea8e67eb
[0m01:11:35.035621 [info ] [Thread-2 (]: 2 of 14 START test not_null_daily_day .......................................... [RUN]
[0m01:11:35.035854 [debug] [Thread-2 (]: Acquiring new postgres connection 'test.oura_pipeline.not_null_daily_day.d1ea8e67eb'
[0m01:11:35.036005 [debug] [Thread-2 (]: Began compiling node test.oura_pipeline.not_null_daily_day.d1ea8e67eb
[0m01:11:35.035446 [debug] [Thread-1 (]: Began running node test.oura_pipeline.assert_scores_in_range
[0m01:11:35.045908 [info ] [Thread-1 (]: 1 of 14 START test assert_scores_in_range ...................................... [RUN]
[0m01:11:35.046140 [debug] [Thread-1 (]: Re-using an available connection from the pool (formerly list_oura_staging, now test.oura_pipeline.assert_scores_in_range)
[0m01:11:35.046307 [debug] [Thread-1 (]: Began compiling node test.oura_pipeline.assert_scores_in_range
[0m01:11:35.047122 [debug] [Thread-1 (]: Writing injected SQL for node "test.oura_pipeline.assert_scores_in_range"
[0m01:11:35.045696 [debug] [Thread-2 (]: Writing injected SQL for node "test.oura_pipeline.not_null_daily_day.d1ea8e67eb"
[0m01:11:35.047524 [debug] [Thread-2 (]: Began executing node test.oura_pipeline.not_null_daily_day.d1ea8e67eb
[0m01:11:35.047762 [debug] [Thread-1 (]: Began executing node test.oura_pipeline.assert_scores_in_range
[0m01:11:35.056771 [debug] [Thread-1 (]: Writing runtime sql for node "test.oura_pipeline.assert_scores_in_range"
[0m01:11:35.057627 [debug] [Thread-2 (]: Writing runtime sql for node "test.oura_pipeline.not_null_daily_day.d1ea8e67eb"
[0m01:11:35.058006 [debug] [Thread-2 (]: Using postgres connection "test.oura_pipeline.not_null_daily_day.d1ea8e67eb"
[0m01:11:35.058359 [debug] [Thread-2 (]: On test.oura_pipeline.not_null_daily_day.d1ea8e67eb: /* {"app": "dbt", "dbt_version": "1.12.0", "profile_name": "oura_pipeline", "target_name": "dev", "node_id": "test.oura_pipeline.not_null_daily_day.d1ea8e67eb"} */

    
    select
      count(*) as failures,
      count(*) != 0 as should_warn,
      count(*) != 0 as should_error
    from (
      
    
  
    
    



select day
from "oura"."staging"."daily"
where day is null



  
  
      
    ) dbt_internal_test
[0m01:11:35.058516 [debug] [Thread-2 (]: Opening a new connection, currently in state init
[0m01:11:35.058194 [debug] [Thread-1 (]: Using postgres connection "test.oura_pipeline.assert_scores_in_range"
[0m01:11:35.058739 [debug] [Thread-1 (]: On test.oura_pipeline.assert_scores_in_range: /* {"app": "dbt", "dbt_version": "1.12.0", "profile_name": "oura_pipeline", "target_name": "dev", "node_id": "test.oura_pipeline.assert_scores_in_range"} */

    
    select
      count(*) as failures,
      count(*) != 0 as should_warn,
      count(*) != 0 as should_error
    from (
      
    
  -- All Oura scores must be 0-100; rows returned = test failure
select day, sleep_score
from "oura"."staging"."stg_daily_sleep"
where sleep_score < 0 or sleep_score > 100
  
  
      
    ) dbt_internal_test
[0m01:11:35.058906 [debug] [Thread-1 (]: Opening a new connection, currently in state closed
[0m01:11:35.070531 [debug] [Thread-1 (]: SQL status: SELECT 1 in 0.012 seconds
[0m01:11:35.072565 [debug] [Thread-1 (]: On test.oura_pipeline.assert_scores_in_range: ROLLBACK
[0m01:11:35.072750 [debug] [Thread-2 (]: SQL status: SELECT 1 in 0.014 seconds
[0m01:11:35.073317 [debug] [Thread-2 (]: On test.oura_pipeline.not_null_daily_day.d1ea8e67eb: ROLLBACK
[0m01:11:35.073478 [debug] [Thread-1 (]: On test.oura_pipeline.assert_scores_in_range: Close
[0m01:11:35.073750 [info ] [Thread-1 (]: 1 of 14 PASS assert_scores_in_range ............................................ [[32mPASS[0m in 0.03s]
[0m01:11:35.074016 [debug] [Thread-1 (]: Finished running node test.oura_pipeline.assert_scores_in_range
[0m01:11:35.074325 [debug] [Thread-1 (]: Began running node test.oura_pipeline.not_null_stg_daily_activity_day.fd66243751
[0m01:11:35.074522 [info ] [Thread-1 (]: 3 of 14 START test not_null_stg_daily_activity_day ............................. [RUN]
[0m01:11:35.074718 [debug] [Thread-1 (]: Re-using an available connection from the pool (formerly test.oura_pipeline.assert_scores_in_range, now test.oura_pipeline.not_null_stg_daily_activity_day.fd66243751)
[0m01:11:35.074870 [debug] [Thread-1 (]: Began compiling node test.oura_pipeline.not_null_stg_daily_activity_day.fd66243751
[0m01:11:35.078027 [debug] [Thread-1 (]: Writing injected SQL for node "test.oura_pipeline.not_null_stg_daily_activity_day.fd66243751"
[0m01:11:35.074158 [debug] [Thread-2 (]: On test.oura_pipeline.not_null_daily_day.d1ea8e67eb: Close
[0m01:11:35.078325 [info ] [Thread-2 (]: 2 of 14 PASS not_null_daily_day ................................................ [[32mPASS[0m in 0.04s]
[0m01:11:35.078577 [debug] [Thread-2 (]: Finished running node test.oura_pipeline.not_null_daily_day.d1ea8e67eb
[0m01:11:35.078747 [debug] [Thread-2 (]: Began running node test.oura_pipeline.not_null_stg_daily_readiness_day.84df97c8c1
[0m01:11:35.078923 [info ] [Thread-2 (]: 4 of 14 START test not_null_stg_daily_readiness_day ............................ [RUN]
[0m01:11:35.079268 [debug] [Thread-2 (]: Re-using an available connection from the pool (formerly test.oura_pipeline.not_null_daily_day.d1ea8e67eb, now test.oura_pipeline.not_null_stg_daily_readiness_day.84df97c8c1)
[0m01:11:35.079428 [debug] [Thread-2 (]: Began compiling node test.oura_pipeline.not_null_stg_daily_readiness_day.84df97c8c1
[0m01:11:35.082202 [debug] [Thread-2 (]: Writing injected SQL for node "test.oura_pipeline.not_null_stg_daily_readiness_day.84df97c8c1"
[0m01:11:35.079101 [debug] [Thread-1 (]: Began executing node test.oura_pipeline.not_null_stg_daily_activity_day.fd66243751
[0m01:11:35.082874 [debug] [Thread-1 (]: Writing runtime sql for node "test.oura_pipeline.not_null_stg_daily_activity_day.fd66243751"
[0m01:11:35.083095 [debug] [Thread-2 (]: Began executing node test.oura_pipeline.not_null_stg_daily_readiness_day.84df97c8c1
[0m01:11:35.083725 [debug] [Thread-2 (]: Writing runtime sql for node "test.oura_pipeline.not_null_stg_daily_readiness_day.84df97c8c1"
[0m01:11:35.083931 [debug] [Thread-1 (]: Using postgres connection "test.oura_pipeline.not_null_stg_daily_activity_day.fd66243751"
[0m01:11:35.084109 [debug] [Thread-1 (]: On test.oura_pipeline.not_null_stg_daily_activity_day.fd66243751: /* {"app": "dbt", "dbt_version": "1.12.0", "profile_name": "oura_pipeline", "target_name": "dev", "node_id": "test.oura_pipeline.not_null_stg_daily_activity_day.fd66243751"} */

    
    select
      count(*) as failures,
      count(*) != 0 as should_warn,
      count(*) != 0 as should_error
    from (
      
    
  
    
    



select day
from "oura"."staging"."stg_daily_activity"
where day is null



  
  
      
    ) dbt_internal_test
[0m01:11:35.084273 [debug] [Thread-1 (]: Opening a new connection, currently in state closed
[0m01:11:35.084426 [debug] [Thread-2 (]: Using postgres connection "test.oura_pipeline.not_null_stg_daily_readiness_day.84df97c8c1"
[0m01:11:35.084622 [debug] [Thread-2 (]: On test.oura_pipeline.not_null_stg_daily_readiness_day.84df97c8c1: /* {"app": "dbt", "dbt_version": "1.12.0", "profile_name": "oura_pipeline", "target_name": "dev", "node_id": "test.oura_pipeline.not_null_stg_daily_readiness_day.84df97c8c1"} */

    
    select
      count(*) as failures,
      count(*) != 0 as should_warn,
      count(*) != 0 as should_error
    from (
      
    
  
    
    



select day
from "oura"."staging"."stg_daily_readiness"
where day is null



  
  
      
    ) dbt_internal_test
[0m01:11:35.084767 [debug] [Thread-2 (]: Opening a new connection, currently in state closed
[0m01:11:35.094728 [debug] [Thread-1 (]: SQL status: SELECT 1 in 0.010 seconds
[0m01:11:35.095484 [debug] [Thread-1 (]: On test.oura_pipeline.not_null_stg_daily_activity_day.fd66243751: ROLLBACK
[0m01:11:35.094898 [debug] [Thread-2 (]: SQL status: SELECT 1 in 0.010 seconds
[0m01:11:35.096073 [debug] [Thread-2 (]: On test.oura_pipeline.not_null_stg_daily_readiness_day.84df97c8c1: ROLLBACK
[0m01:11:35.096222 [debug] [Thread-1 (]: On test.oura_pipeline.not_null_stg_daily_activity_day.fd66243751: Close
[0m01:11:35.096473 [info ] [Thread-1 (]: 3 of 14 PASS not_null_stg_daily_activity_day ................................... [[32mPASS[0m in 0.02s]
[0m01:11:35.096693 [debug] [Thread-1 (]: Finished running node test.oura_pipeline.not_null_stg_daily_activity_day.fd66243751
[0m01:11:35.096986 [debug] [Thread-1 (]: Began running node test.oura_pipeline.not_null_stg_daily_sleep_day.70c9a4290c
[0m01:11:35.096830 [debug] [Thread-2 (]: On test.oura_pipeline.not_null_stg_daily_readiness_day.84df97c8c1: Close
[0m01:11:35.097152 [info ] [Thread-1 (]: 5 of 14 START test not_null_stg_daily_sleep_day ................................ [RUN]
[0m01:11:35.097606 [debug] [Thread-1 (]: Re-using an available connection from the pool (formerly test.oura_pipeline.not_null_stg_daily_activity_day.fd66243751, now test.oura_pipeline.not_null_stg_daily_sleep_day.70c9a4290c)
[0m01:11:35.097760 [debug] [Thread-1 (]: Began compiling node test.oura_pipeline.not_null_stg_daily_sleep_day.70c9a4290c
[0m01:11:35.100777 [debug] [Thread-1 (]: Writing injected SQL for node "test.oura_pipeline.not_null_stg_daily_sleep_day.70c9a4290c"
[0m01:11:35.097421 [info ] [Thread-2 (]: 4 of 14 PASS not_null_stg_daily_readiness_day .................................. [[32mPASS[0m in 0.02s]
[0m01:11:35.101040 [debug] [Thread-2 (]: Finished running node test.oura_pipeline.not_null_stg_daily_readiness_day.84df97c8c1
[0m01:11:35.101224 [debug] [Thread-2 (]: Began running node test.oura_pipeline.not_null_stg_daily_sleep_sleep_score.1080d02b01
[0m01:11:35.101371 [info ] [Thread-2 (]: 6 of 14 START test not_null_stg_daily_sleep_sleep_score ........................ [RUN]
[0m01:11:35.101729 [debug] [Thread-2 (]: Re-using an available connection from the pool (formerly test.oura_pipeline.not_null_stg_daily_readiness_day.84df97c8c1, now test.oura_pipeline.not_null_stg_daily_sleep_sleep_score.1080d02b01)
[0m01:11:35.101892 [debug] [Thread-2 (]: Began compiling node test.oura_pipeline.not_null_stg_daily_sleep_sleep_score.1080d02b01
[0m01:11:35.104650 [debug] [Thread-2 (]: Writing injected SQL for node "test.oura_pipeline.not_null_stg_daily_sleep_sleep_score.1080d02b01"
[0m01:11:35.101550 [debug] [Thread-1 (]: Began executing node test.oura_pipeline.not_null_stg_daily_sleep_day.70c9a4290c
[0m01:11:35.105303 [debug] [Thread-1 (]: Writing runtime sql for node "test.oura_pipeline.not_null_stg_daily_sleep_day.70c9a4290c"
[0m01:11:35.105527 [debug] [Thread-2 (]: Began executing node test.oura_pipeline.not_null_stg_daily_sleep_sleep_score.1080d02b01
[0m01:11:35.106148 [debug] [Thread-2 (]: Writing runtime sql for node "test.oura_pipeline.not_null_stg_daily_sleep_sleep_score.1080d02b01"
[0m01:11:35.106355 [debug] [Thread-1 (]: Using postgres connection "test.oura_pipeline.not_null_stg_daily_sleep_day.70c9a4290c"
[0m01:11:35.106535 [debug] [Thread-1 (]: On test.oura_pipeline.not_null_stg_daily_sleep_day.70c9a4290c: /* {"app": "dbt", "dbt_version": "1.12.0", "profile_name": "oura_pipeline", "target_name": "dev", "node_id": "test.oura_pipeline.not_null_stg_daily_sleep_day.70c9a4290c"} */

    
    select
      count(*) as failures,
      count(*) != 0 as should_warn,
      count(*) != 0 as should_error
    from (
      
    
  
    
    



select day
from "oura"."staging"."stg_daily_sleep"
where day is null



  
  
      
    ) dbt_internal_test
[0m01:11:35.106690 [debug] [Thread-1 (]: Opening a new connection, currently in state closed
[0m01:11:35.106843 [debug] [Thread-2 (]: Using postgres connection "test.oura_pipeline.not_null_stg_daily_sleep_sleep_score.1080d02b01"
[0m01:11:35.107029 [debug] [Thread-2 (]: On test.oura_pipeline.not_null_stg_daily_sleep_sleep_score.1080d02b01: /* {"app": "dbt", "dbt_version": "1.12.0", "profile_name": "oura_pipeline", "target_name": "dev", "node_id": "test.oura_pipeline.not_null_stg_daily_sleep_sleep_score.1080d02b01"} */

    
    select
      count(*) as failures,
      count(*) != 0 as should_warn,
      count(*) != 0 as should_error
    from (
      
    
  
    
    



select sleep_score
from "oura"."staging"."stg_daily_sleep"
where sleep_score is null



  
  
      
    ) dbt_internal_test
[0m01:11:35.107174 [debug] [Thread-2 (]: Opening a new connection, currently in state closed
[0m01:11:35.116737 [debug] [Thread-1 (]: SQL status: SELECT 1 in 0.010 seconds
[0m01:11:35.117267 [debug] [Thread-1 (]: On test.oura_pipeline.not_null_stg_daily_sleep_day.70c9a4290c: ROLLBACK
[0m01:11:35.117435 [debug] [Thread-2 (]: SQL status: SELECT 1 in 0.010 seconds
[0m01:11:35.117994 [debug] [Thread-2 (]: On test.oura_pipeline.not_null_stg_daily_sleep_sleep_score.1080d02b01: ROLLBACK
[0m01:11:35.118147 [debug] [Thread-1 (]: On test.oura_pipeline.not_null_stg_daily_sleep_day.70c9a4290c: Close
[0m01:11:35.118398 [info ] [Thread-1 (]: 5 of 14 PASS not_null_stg_daily_sleep_day ...................................... [[32mPASS[0m in 0.02s]
[0m01:11:35.118620 [debug] [Thread-1 (]: Finished running node test.oura_pipeline.not_null_stg_daily_sleep_day.70c9a4290c
[0m01:11:35.118915 [debug] [Thread-1 (]: Began running node test.oura_pipeline.not_null_stg_sleep_periods_doc_id.84ec2c0f96
[0m01:11:35.119080 [info ] [Thread-1 (]: 7 of 14 START test not_null_stg_sleep_periods_doc_id ........................... [RUN]
[0m01:11:35.119270 [debug] [Thread-1 (]: Re-using an available connection from the pool (formerly test.oura_pipeline.not_null_stg_daily_sleep_day.70c9a4290c, now test.oura_pipeline.not_null_stg_sleep_periods_doc_id.84ec2c0f96)
[0m01:11:35.119423 [debug] [Thread-1 (]: Began compiling node test.oura_pipeline.not_null_stg_sleep_periods_doc_id.84ec2c0f96
[0m01:11:35.122404 [debug] [Thread-1 (]: Writing injected SQL for node "test.oura_pipeline.not_null_stg_sleep_periods_doc_id.84ec2c0f96"
[0m01:11:35.118758 [debug] [Thread-2 (]: On test.oura_pipeline.not_null_stg_daily_sleep_sleep_score.1080d02b01: Close
[0m01:11:35.122703 [info ] [Thread-2 (]: 6 of 14 PASS not_null_stg_daily_sleep_sleep_score .............................. [[32mPASS[0m in 0.02s]
[0m01:11:35.122944 [debug] [Thread-2 (]: Finished running node test.oura_pipeline.not_null_stg_daily_sleep_sleep_score.1080d02b01
[0m01:11:35.123116 [debug] [Thread-2 (]: Began running node test.oura_pipeline.source_not_null_raw_oura_documents_doc_id.08cbf6e5a1
[0m01:11:35.123265 [info ] [Thread-2 (]: 8 of 14 START test source_not_null_raw_oura_documents_doc_id ................... [RUN]
[0m01:11:35.123599 [debug] [Thread-2 (]: Re-using an available connection from the pool (formerly test.oura_pipeline.not_null_stg_daily_sleep_sleep_score.1080d02b01, now test.oura_pipeline.source_not_null_raw_oura_documents_doc_id.08cbf6e5a1)
[0m01:11:35.123757 [debug] [Thread-2 (]: Began compiling node test.oura_pipeline.source_not_null_raw_oura_documents_doc_id.08cbf6e5a1
[0m01:11:35.126499 [debug] [Thread-2 (]: Writing injected SQL for node "test.oura_pipeline.source_not_null_raw_oura_documents_doc_id.08cbf6e5a1"
[0m01:11:35.123435 [debug] [Thread-1 (]: Began executing node test.oura_pipeline.not_null_stg_sleep_periods_doc_id.84ec2c0f96
[0m01:11:35.127167 [debug] [Thread-1 (]: Writing runtime sql for node "test.oura_pipeline.not_null_stg_sleep_periods_doc_id.84ec2c0f96"
[0m01:11:35.127397 [debug] [Thread-2 (]: Began executing node test.oura_pipeline.source_not_null_raw_oura_documents_doc_id.08cbf6e5a1
[0m01:11:35.128022 [debug] [Thread-2 (]: Writing runtime sql for node "test.oura_pipeline.source_not_null_raw_oura_documents_doc_id.08cbf6e5a1"
[0m01:11:35.128251 [debug] [Thread-1 (]: Using postgres connection "test.oura_pipeline.not_null_stg_sleep_periods_doc_id.84ec2c0f96"
[0m01:11:35.128427 [debug] [Thread-1 (]: On test.oura_pipeline.not_null_stg_sleep_periods_doc_id.84ec2c0f96: /* {"app": "dbt", "dbt_version": "1.12.0", "profile_name": "oura_pipeline", "target_name": "dev", "node_id": "test.oura_pipeline.not_null_stg_sleep_periods_doc_id.84ec2c0f96"} */

    
    select
      count(*) as failures,
      count(*) != 0 as should_warn,
      count(*) != 0 as should_error
    from (
      
    
  
    
    



select doc_id
from "oura"."staging"."stg_sleep_periods"
where doc_id is null



  
  
      
    ) dbt_internal_test
[0m01:11:35.128583 [debug] [Thread-1 (]: Opening a new connection, currently in state closed
[0m01:11:35.128739 [debug] [Thread-2 (]: Using postgres connection "test.oura_pipeline.source_not_null_raw_oura_documents_doc_id.08cbf6e5a1"
[0m01:11:35.128928 [debug] [Thread-2 (]: On test.oura_pipeline.source_not_null_raw_oura_documents_doc_id.08cbf6e5a1: /* {"app": "dbt", "dbt_version": "1.12.0", "profile_name": "oura_pipeline", "target_name": "dev", "node_id": "test.oura_pipeline.source_not_null_raw_oura_documents_doc_id.08cbf6e5a1"} */

    
    select
      count(*) as failures,
      count(*) != 0 as should_warn,
      count(*) != 0 as should_error
    from (
      
    
  
    
    



select doc_id
from "oura"."raw"."oura_documents"
where doc_id is null



  
  
      
    ) dbt_internal_test
[0m01:11:35.129069 [debug] [Thread-2 (]: Opening a new connection, currently in state closed
[0m01:11:35.139060 [debug] [Thread-1 (]: SQL status: SELECT 1 in 0.010 seconds
[0m01:11:35.139614 [debug] [Thread-1 (]: On test.oura_pipeline.not_null_stg_sleep_periods_doc_id.84ec2c0f96: ROLLBACK
[0m01:11:35.139779 [debug] [Thread-2 (]: SQL status: SELECT 1 in 0.011 seconds
[0m01:11:35.140339 [debug] [Thread-2 (]: On test.oura_pipeline.source_not_null_raw_oura_documents_doc_id.08cbf6e5a1: ROLLBACK
[0m01:11:35.140491 [debug] [Thread-1 (]: On test.oura_pipeline.not_null_stg_sleep_periods_doc_id.84ec2c0f96: Close
[0m01:11:35.140737 [info ] [Thread-1 (]: 7 of 14 PASS not_null_stg_sleep_periods_doc_id ................................. [[32mPASS[0m in 0.02s]
[0m01:11:35.140962 [debug] [Thread-1 (]: Finished running node test.oura_pipeline.not_null_stg_sleep_periods_doc_id.84ec2c0f96
[0m01:11:35.141259 [debug] [Thread-1 (]: Began running node test.oura_pipeline.source_not_null_raw_oura_documents_payload.1a6e8d31c1
[0m01:11:35.141423 [info ] [Thread-1 (]: 9 of 14 START test source_not_null_raw_oura_documents_payload .................. [RUN]
[0m01:11:35.141619 [debug] [Thread-1 (]: Re-using an available connection from the pool (formerly test.oura_pipeline.not_null_stg_sleep_periods_doc_id.84ec2c0f96, now test.oura_pipeline.source_not_null_raw_oura_documents_payload.1a6e8d31c1)
[0m01:11:35.141771 [debug] [Thread-1 (]: Began compiling node test.oura_pipeline.source_not_null_raw_oura_documents_payload.1a6e8d31c1
[0m01:11:35.144840 [debug] [Thread-1 (]: Writing injected SQL for node "test.oura_pipeline.source_not_null_raw_oura_documents_payload.1a6e8d31c1"
[0m01:11:35.141103 [debug] [Thread-2 (]: On test.oura_pipeline.source_not_null_raw_oura_documents_doc_id.08cbf6e5a1: Close
[0m01:11:35.145121 [info ] [Thread-2 (]: 8 of 14 PASS source_not_null_raw_oura_documents_doc_id ......................... [[32mPASS[0m in 0.02s]
[0m01:11:35.145356 [debug] [Thread-2 (]: Finished running node test.oura_pipeline.source_not_null_raw_oura_documents_doc_id.08cbf6e5a1
[0m01:11:35.145524 [debug] [Thread-2 (]: Began running node test.oura_pipeline.unique_daily_day.a5b5177e69
[0m01:11:35.145685 [info ] [Thread-2 (]: 10 of 14 START test unique_daily_day ........................................... [RUN]
[0m01:11:35.146039 [debug] [Thread-2 (]: Re-using an available connection from the pool (formerly test.oura_pipeline.source_not_null_raw_oura_documents_doc_id.08cbf6e5a1, now test.oura_pipeline.unique_daily_day.a5b5177e69)
[0m01:11:35.146201 [debug] [Thread-2 (]: Began compiling node test.oura_pipeline.unique_daily_day.a5b5177e69
[0m01:11:35.149997 [debug] [Thread-2 (]: Writing injected SQL for node "test.oura_pipeline.unique_daily_day.a5b5177e69"
[0m01:11:35.145866 [debug] [Thread-1 (]: Began executing node test.oura_pipeline.source_not_null_raw_oura_documents_payload.1a6e8d31c1
[0m01:11:35.150650 [debug] [Thread-1 (]: Writing runtime sql for node "test.oura_pipeline.source_not_null_raw_oura_documents_payload.1a6e8d31c1"
[0m01:11:35.150863 [debug] [Thread-2 (]: Began executing node test.oura_pipeline.unique_daily_day.a5b5177e69
[0m01:11:35.151488 [debug] [Thread-2 (]: Writing runtime sql for node "test.oura_pipeline.unique_daily_day.a5b5177e69"
[0m01:11:35.151725 [debug] [Thread-1 (]: Using postgres connection "test.oura_pipeline.source_not_null_raw_oura_documents_payload.1a6e8d31c1"
[0m01:11:35.151888 [debug] [Thread-1 (]: On test.oura_pipeline.source_not_null_raw_oura_documents_payload.1a6e8d31c1: /* {"app": "dbt", "dbt_version": "1.12.0", "profile_name": "oura_pipeline", "target_name": "dev", "node_id": "test.oura_pipeline.source_not_null_raw_oura_documents_payload.1a6e8d31c1"} */

    
    select
      count(*) as failures,
      count(*) != 0 as should_warn,
      count(*) != 0 as should_error
    from (
      
    
  
    
    



select payload
from "oura"."raw"."oura_documents"
where payload is null



  
  
      
    ) dbt_internal_test
[0m01:11:35.152050 [debug] [Thread-1 (]: Opening a new connection, currently in state closed
[0m01:11:35.152250 [debug] [Thread-2 (]: Using postgres connection "test.oura_pipeline.unique_daily_day.a5b5177e69"
[0m01:11:35.152406 [debug] [Thread-2 (]: On test.oura_pipeline.unique_daily_day.a5b5177e69: /* {"app": "dbt", "dbt_version": "1.12.0", "profile_name": "oura_pipeline", "target_name": "dev", "node_id": "test.oura_pipeline.unique_daily_day.a5b5177e69"} */

    
    select
      count(*) as failures,
      count(*) != 0 as should_warn,
      count(*) != 0 as should_error
    from (
      
    
  
    
    

select
    day as unique_field,
    count(*) as n_records

from "oura"."staging"."daily"
where day is not null
group by day
having count(*) > 1



  
  
      
    ) dbt_internal_test
[0m01:11:35.152559 [debug] [Thread-2 (]: Opening a new connection, currently in state closed
[0m01:11:35.164932 [debug] [Thread-1 (]: SQL status: SELECT 1 in 0.013 seconds
[0m01:11:35.165524 [debug] [Thread-1 (]: On test.oura_pipeline.source_not_null_raw_oura_documents_payload.1a6e8d31c1: ROLLBACK
[0m01:11:35.166097 [debug] [Thread-1 (]: On test.oura_pipeline.source_not_null_raw_oura_documents_payload.1a6e8d31c1: Close
[0m01:11:35.166336 [info ] [Thread-1 (]: 9 of 14 PASS source_not_null_raw_oura_documents_payload ........................ [[32mPASS[0m in 0.02s]
[0m01:11:35.166570 [debug] [Thread-1 (]: Finished running node test.oura_pipeline.source_not_null_raw_oura_documents_payload.1a6e8d31c1
[0m01:11:35.166733 [debug] [Thread-1 (]: Began running node test.oura_pipeline.unique_stg_daily_activity_day.44c5a5e572
[0m01:11:35.166906 [info ] [Thread-1 (]: 11 of 14 START test unique_stg_daily_activity_day .............................. [RUN]
[0m01:11:35.167096 [debug] [Thread-1 (]: Re-using an available connection from the pool (formerly test.oura_pipeline.source_not_null_raw_oura_documents_payload.1a6e8d31c1, now test.oura_pipeline.unique_stg_daily_activity_day.44c5a5e572)
[0m01:11:35.167242 [debug] [Thread-1 (]: Began compiling node test.oura_pipeline.unique_stg_daily_activity_day.44c5a5e572
[0m01:11:35.170333 [debug] [Thread-1 (]: Writing injected SQL for node "test.oura_pipeline.unique_stg_daily_activity_day.44c5a5e572"
[0m01:11:35.170607 [debug] [Thread-1 (]: Began executing node test.oura_pipeline.unique_stg_daily_activity_day.44c5a5e572
[0m01:11:35.171290 [debug] [Thread-1 (]: Writing runtime sql for node "test.oura_pipeline.unique_stg_daily_activity_day.44c5a5e572"
[0m01:11:35.171574 [debug] [Thread-1 (]: Using postgres connection "test.oura_pipeline.unique_stg_daily_activity_day.44c5a5e572"
[0m01:11:35.171753 [debug] [Thread-1 (]: On test.oura_pipeline.unique_stg_daily_activity_day.44c5a5e572: /* {"app": "dbt", "dbt_version": "1.12.0", "profile_name": "oura_pipeline", "target_name": "dev", "node_id": "test.oura_pipeline.unique_stg_daily_activity_day.44c5a5e572"} */

    
    select
      count(*) as failures,
      count(*) != 0 as should_warn,
      count(*) != 0 as should_error
    from (
      
    
  
    
    

select
    day as unique_field,
    count(*) as n_records

from "oura"."staging"."stg_daily_activity"
where day is not null
group by day
having count(*) > 1



  
  
      
    ) dbt_internal_test
[0m01:11:35.171915 [debug] [Thread-1 (]: Opening a new connection, currently in state closed
[0m01:11:35.179228 [debug] [Thread-1 (]: SQL status: SELECT 1 in 0.007 seconds
[0m01:11:35.179871 [debug] [Thread-1 (]: On test.oura_pipeline.unique_stg_daily_activity_day.44c5a5e572: ROLLBACK
[0m01:11:35.180233 [debug] [Thread-1 (]: On test.oura_pipeline.unique_stg_daily_activity_day.44c5a5e572: Close
[0m01:11:35.180503 [info ] [Thread-1 (]: 11 of 14 PASS unique_stg_daily_activity_day .................................... [[32mPASS[0m in 0.01s]
[0m01:11:35.180755 [debug] [Thread-1 (]: Finished running node test.oura_pipeline.unique_stg_daily_activity_day.44c5a5e572
[0m01:11:35.180927 [debug] [Thread-1 (]: Began running node test.oura_pipeline.unique_stg_daily_readiness_day.ea27c561e5
[0m01:11:35.181122 [info ] [Thread-1 (]: 12 of 14 START test unique_stg_daily_readiness_day ............................. [RUN]
[0m01:11:35.181356 [debug] [Thread-1 (]: Re-using an available connection from the pool (formerly test.oura_pipeline.unique_stg_daily_activity_day.44c5a5e572, now test.oura_pipeline.unique_stg_daily_readiness_day.ea27c561e5)
[0m01:11:35.181520 [debug] [Thread-1 (]: Began compiling node test.oura_pipeline.unique_stg_daily_readiness_day.ea27c561e5
[0m01:11:35.184598 [debug] [Thread-1 (]: Writing injected SQL for node "test.oura_pipeline.unique_stg_daily_readiness_day.ea27c561e5"
[0m01:11:35.184765 [debug] [Thread-2 (]: SQL status: SELECT 1 in 0.032 seconds
[0m01:11:35.185380 [debug] [Thread-2 (]: On test.oura_pipeline.unique_daily_day.a5b5177e69: ROLLBACK
[0m01:11:35.185615 [debug] [Thread-1 (]: Began executing node test.oura_pipeline.unique_stg_daily_readiness_day.ea27c561e5
[0m01:11:35.186422 [debug] [Thread-1 (]: Writing runtime sql for node "test.oura_pipeline.unique_stg_daily_readiness_day.ea27c561e5"
[0m01:11:35.185802 [debug] [Thread-2 (]: On test.oura_pipeline.unique_daily_day.a5b5177e69: Close
[0m01:11:35.186725 [info ] [Thread-2 (]: 10 of 14 PASS unique_daily_day ................................................. [[32mPASS[0m in 0.04s]
[0m01:11:35.186985 [debug] [Thread-2 (]: Finished running node test.oura_pipeline.unique_daily_day.a5b5177e69
[0m01:11:35.187170 [debug] [Thread-2 (]: Began running node test.oura_pipeline.unique_stg_daily_sleep_day.92f84ff608
[0m01:11:35.187347 [info ] [Thread-2 (]: 13 of 14 START test unique_stg_daily_sleep_day ................................. [RUN]
[0m01:11:35.187765 [debug] [Thread-2 (]: Re-using an available connection from the pool (formerly test.oura_pipeline.unique_daily_day.a5b5177e69, now test.oura_pipeline.unique_stg_daily_sleep_day.92f84ff608)
[0m01:11:35.187913 [debug] [Thread-2 (]: Began compiling node test.oura_pipeline.unique_stg_daily_sleep_day.92f84ff608
[0m01:11:35.190926 [debug] [Thread-2 (]: Writing injected SQL for node "test.oura_pipeline.unique_stg_daily_sleep_day.92f84ff608"
[0m01:11:35.187593 [debug] [Thread-1 (]: Using postgres connection "test.oura_pipeline.unique_stg_daily_readiness_day.ea27c561e5"
[0m01:11:35.191134 [debug] [Thread-1 (]: On test.oura_pipeline.unique_stg_daily_readiness_day.ea27c561e5: /* {"app": "dbt", "dbt_version": "1.12.0", "profile_name": "oura_pipeline", "target_name": "dev", "node_id": "test.oura_pipeline.unique_stg_daily_readiness_day.ea27c561e5"} */

    
    select
      count(*) as failures,
      count(*) != 0 as should_warn,
      count(*) != 0 as should_error
    from (
      
    
  
    
    

select
    day as unique_field,
    count(*) as n_records

from "oura"."staging"."stg_daily_readiness"
where day is not null
group by day
having count(*) > 1



  
  
      
    ) dbt_internal_test
[0m01:11:35.191300 [debug] [Thread-1 (]: Opening a new connection, currently in state closed
[0m01:11:35.191489 [debug] [Thread-2 (]: Began executing node test.oura_pipeline.unique_stg_daily_sleep_day.92f84ff608
[0m01:11:35.192121 [debug] [Thread-2 (]: Writing runtime sql for node "test.oura_pipeline.unique_stg_daily_sleep_day.92f84ff608"
[0m01:11:35.192396 [debug] [Thread-2 (]: Using postgres connection "test.oura_pipeline.unique_stg_daily_sleep_day.92f84ff608"
[0m01:11:35.192561 [debug] [Thread-2 (]: On test.oura_pipeline.unique_stg_daily_sleep_day.92f84ff608: /* {"app": "dbt", "dbt_version": "1.12.0", "profile_name": "oura_pipeline", "target_name": "dev", "node_id": "test.oura_pipeline.unique_stg_daily_sleep_day.92f84ff608"} */

    
    select
      count(*) as failures,
      count(*) != 0 as should_warn,
      count(*) != 0 as should_error
    from (
      
    
  
    
    

select
    day as unique_field,
    count(*) as n_records

from "oura"."staging"."stg_daily_sleep"
where day is not null
group by day
having count(*) > 1



  
  
      
    ) dbt_internal_test
[0m01:11:35.192717 [debug] [Thread-2 (]: Opening a new connection, currently in state closed
[0m01:11:35.197523 [debug] [Thread-1 (]: SQL status: SELECT 1 in 0.006 seconds
[0m01:11:35.198147 [debug] [Thread-1 (]: On test.oura_pipeline.unique_stg_daily_readiness_day.ea27c561e5: ROLLBACK
[0m01:11:35.198326 [debug] [Thread-2 (]: SQL status: SELECT 1 in 0.006 seconds
[0m01:11:35.198940 [debug] [Thread-2 (]: On test.oura_pipeline.unique_stg_daily_sleep_day.92f84ff608: ROLLBACK
[0m01:11:35.199099 [debug] [Thread-1 (]: On test.oura_pipeline.unique_stg_daily_readiness_day.ea27c561e5: Close
[0m01:11:35.199544 [debug] [Thread-2 (]: On test.oura_pipeline.unique_stg_daily_sleep_day.92f84ff608: Close
[0m01:11:35.199391 [info ] [Thread-1 (]: 12 of 14 PASS unique_stg_daily_readiness_day ................................... [[32mPASS[0m in 0.02s]
[0m01:11:35.200072 [debug] [Thread-1 (]: Finished running node test.oura_pipeline.unique_stg_daily_readiness_day.ea27c561e5
[0m01:11:35.200315 [debug] [Thread-1 (]: Began running node test.oura_pipeline.unique_stg_sleep_periods_doc_id.a7219dda1c
[0m01:11:35.200479 [info ] [Thread-1 (]: 14 of 14 START test unique_stg_sleep_periods_doc_id ............................ [RUN]
[0m01:11:35.200666 [debug] [Thread-1 (]: Re-using an available connection from the pool (formerly test.oura_pipeline.unique_stg_daily_readiness_day.ea27c561e5, now test.oura_pipeline.unique_stg_sleep_periods_doc_id.a7219dda1c)
[0m01:11:35.200825 [debug] [Thread-1 (]: Began compiling node test.oura_pipeline.unique_stg_sleep_periods_doc_id.a7219dda1c
[0m01:11:35.203859 [debug] [Thread-1 (]: Writing injected SQL for node "test.oura_pipeline.unique_stg_sleep_periods_doc_id.a7219dda1c"
[0m01:11:35.199829 [info ] [Thread-2 (]: 13 of 14 PASS unique_stg_daily_sleep_day ....................................... [[32mPASS[0m in 0.01s]
[0m01:11:35.204169 [debug] [Thread-2 (]: Finished running node test.oura_pipeline.unique_stg_daily_sleep_day.92f84ff608
[0m01:11:35.204406 [debug] [Thread-1 (]: Began executing node test.oura_pipeline.unique_stg_sleep_periods_doc_id.a7219dda1c
[0m01:11:35.205028 [debug] [Thread-1 (]: Writing runtime sql for node "test.oura_pipeline.unique_stg_sleep_periods_doc_id.a7219dda1c"
[0m01:11:35.205283 [debug] [Thread-1 (]: Using postgres connection "test.oura_pipeline.unique_stg_sleep_periods_doc_id.a7219dda1c"
[0m01:11:35.205442 [debug] [Thread-1 (]: On test.oura_pipeline.unique_stg_sleep_periods_doc_id.a7219dda1c: /* {"app": "dbt", "dbt_version": "1.12.0", "profile_name": "oura_pipeline", "target_name": "dev", "node_id": "test.oura_pipeline.unique_stg_sleep_periods_doc_id.a7219dda1c"} */

    
    select
      count(*) as failures,
      count(*) != 0 as should_warn,
      count(*) != 0 as should_error
    from (
      
    
  
    
    

select
    doc_id as unique_field,
    count(*) as n_records

from "oura"."staging"."stg_sleep_periods"
where doc_id is not null
group by doc_id
having count(*) > 1



  
  
      
    ) dbt_internal_test
[0m01:11:35.205589 [debug] [Thread-1 (]: Opening a new connection, currently in state closed
[0m01:11:35.211710 [debug] [Thread-1 (]: SQL status: SELECT 1 in 0.006 seconds
[0m01:11:35.212296 [debug] [Thread-1 (]: On test.oura_pipeline.unique_stg_sleep_periods_doc_id.a7219dda1c: ROLLBACK
[0m01:11:35.212653 [debug] [Thread-1 (]: On test.oura_pipeline.unique_stg_sleep_periods_doc_id.a7219dda1c: Close
[0m01:11:35.212905 [info ] [Thread-1 (]: 14 of 14 PASS unique_stg_sleep_periods_doc_id .................................. [[32mPASS[0m in 0.01s]
[0m01:11:35.213140 [debug] [Thread-1 (]: Finished running node test.oura_pipeline.unique_stg_sleep_periods_doc_id.a7219dda1c
[0m01:11:35.213793 [debug] [MainThread]: On master: COMMIT
[0m01:11:35.213941 [debug] [MainThread]: Using postgres connection "master"
[0m01:11:35.214058 [debug] [MainThread]: On master: COMMIT
[0m01:11:35.214171 [debug] [MainThread]: Opening a new connection, currently in state closed
[0m01:11:35.219049 [debug] [MainThread]: SQL status: COMMIT in 0.005 seconds
[0m01:11:35.219204 [debug] [MainThread]: On master: Close
[0m01:11:35.219396 [debug] [MainThread]: Connection 'master' was properly closed.
[0m01:11:35.219515 [debug] [MainThread]: Connection 'test.oura_pipeline.unique_stg_sleep_periods_doc_id.a7219dda1c' was properly closed.
[0m01:11:35.219628 [debug] [MainThread]: Connection 'test.oura_pipeline.unique_stg_daily_sleep_day.92f84ff608' was properly closed.
[0m01:11:35.219766 [info ] [MainThread]: 
[0m01:11:35.219909 [info ] [MainThread]: Finished running 14 data tests in 0 hours 0 minutes and 0.25 seconds (0.25s).
[0m01:11:35.220899 [debug] [MainThread]: Command end result
[0m01:11:35.239422 [debug] [MainThread]: Wrote artifact WritableManifest to dbt_project/target/manifest.json
[0m01:11:35.240798 [debug] [MainThread]: Wrote artifact SemanticManifest to dbt_project/target/semantic_manifest.json
[0m01:11:35.242039 [debug] [MainThread]: Wrote artifact OsiDocument to dbt_project/target/osi_document.json
[0m01:11:35.246035 [debug] [MainThread]: Wrote artifact RunExecutionResult to dbt_project/target/run_results.json
[0m01:11:35.246183 [info ] [MainThread]: 
[0m01:11:35.246338 [info ] [MainThread]: [32mCompleted successfully[0m
[0m01:11:35.246470 [info ] [MainThread]: 
[0m01:11:35.246622 [info ] [MainThread]: Done. PASS=14 WARN=0 ERROR=0 SKIP=0 NO-OP=0 REUSED=0 TOTAL=14
[0m01:11:35.248131 [debug] [MainThread]: Resource report: {"command_name": "test", "command_success": true, "command_wall_clock_time": 0.7058319, "process_in_blocks": "0", "process_kernel_time": 0.122183, "process_mem_max_rss": "155320320", "process_out_blocks": "0", "process_user_time": 1.215502}
[0m01:11:35.248346 [debug] [MainThread]: Command `dbt test` succeeded at 01:11:35.248310 after 0.71 seconds
[0m01:11:35.248510 [debug] [MainThread]: Sending event: {'category': 'dbt', 'action': 'invocation', 'label': 'end', 'context': [<snowplow_tracker.self_describing_json.SelfDescribingJson object at 0x109b85550>, <snowplow_tracker.self_describing_json.SelfDescribingJson object at 0x109d12af0>, <snowplow_tracker.self_describing_json.SelfDescribingJson object at 0x109d110d0>]}
[0m01:11:35.248660 [debug] [MainThread]: Flushing usage events
[0m01:11:35.711945 [debug] [MainThread]: An error was encountered while trying to flush usage events
